Date,Close,Volume,Daily Returns,Monthly Moving Average,Quarterly Moving Average,lag_1,lag_2,lag_3,lag_4,lag_5,label
2021-11-10,-0.06515045976919988,0.4918868136815776,-0.9760864657423401,0.7192040739591452,0.9736723210707402,0.5912792025852405,0.5912792025852405,0.5912792025852405,0.5912792025852405,0.5912792025852405,0
2021-11-11,-0.06515045976919988,-0.19187539832773257,-0.0454552550314144,0.7747321579614371,0.9608655500236294,-0.06515045976919988,0.5912792025852405,0.5912792025852405,0.5912792025852405,0.5912792025852405,1
2021-11-12,-0.06515045976919988,-0.19187539832773257,-0.0454552550314144,0.8302602419637289,0.9485710498184017,-0.06515045976919988,-0.06515045976919988,0.5912792025852405,0.5912792025852405,0.5912792025852405,1
2021-11-15,-0.06515045976919988,-0.19187539832773257,-0.0454552550314144,0.8857883259660209,0.9367586868761251,-0.06515045976919988,-0.06515045976919988,-0.06515045976919988,0.5912792025852405,0.5912792025852405,1
2021-11-16,0.8726062406618996,4.184202758531852,1.5499125800403357,0.935146628986079,0.9254006455854743,-0.06515045976919988,-0.06515045976919988,-0.06515045976919988,-0.06515045976919988,0.5912792025852405,1
2021-11-17,0.21617657830745932,1.0996146677154524,-0.9140443809193934,0.9845049320061379,0.8630644162870331,0.8726062406618996,-0.06515045976919988,-0.06515045976919988,-0.06515045976919988,-0.06515045976919988,0
2021-11-18,0.21617657830745932,-0.19187539832773257,-0.0454552550314144,1.0338632350261967,0.8030369362218681,0.21617657830745932,0.8726062406618996,-0.06515045976919988,-0.06515045976919988,-0.06515045976919988,1
2021-11-19,0.21617657830745932,-0.19187539832773257,-0.0454552550314144,1.0091840927098663,0.7451922736136186,0.21617657830745932,0.21617657830745932,0.8726062406618996,-0.06515045976919988,-0.06515045976919988,1
2021-11-22,1.341484730614096,-0.019567320901386416,1.717846203629607,0.9845049503935359,0.6894134918128054,0.21617657830745932,0.21617657830745932,0.21617657830745932,0.8726062406618996,-0.06515045976919988,1
2021-11-23,1.341484730614096,-0.19187539832773257,-0.0454552550314144,0.9598258080772055,0.7179128755355785,1.341484730614096,0.21617657830745932,0.21617657830745932,0.21617657830745932,0.8726062406618996,1
2021-11-24,1.341484730614096,-0.19187539832773257,-0.0454552550314144,0.9351466657608751,0.7454295218886013,1.341484730614096,1.341484730614096,0.21617657830745932,0.21617657830745932,0.21617657830745932,1
2021-11-26,1.341484730614096,-0.19187539832773257,-0.0454552550314144,0.9536560270949717,0.7720134005686392,1.341484730614096,1.341484730614096,1.341484730614096,0.21617657830745932,0.21617657830745932,1
2021-11-29,1.341484730614096,-0.19187539832773257,-0.0454552550314144,0.972165388429069,0.7977111499593431,1.341484730614096,1.341484730614096,1.341484730614096,1.341484730614096,0.21617657830745932,1
2021-11-30,1.341484730614096,-0.19187539832773257,-0.0454552550314144,0.9906747497631663,0.8225663501896958,1.341484730614096,1.341484730614096,1.341484730614096,1.341484730614096,1.341484730614096,1
2021-12-01,1.341484730614096,-0.19187539832773257,-0.0454552550314144,1.0091841110972637,0.8466197697674572,1.341484730614096,1.341484730614096,1.341484730614096,1.341484730614096,1.341484730614096,1
2021-12-02,1.341484730614096,-0.10982393288661535,-0.0454552550314144,0.9659956074468359,0.8699095887237016,1.341484730614096,1.341484730614096,1.341484730614096,1.341484730614096,1.341484730614096,1
2021-12-03,1.341484730614096,-0.19187539832773257,-0.0454552550314144,0.9659956074468359,0.8699095887237016,1.341484730614096,1.341484730614096,1.341484730614096,1.341484730614096,1.341484730614096,1
2021-12-06,0.21617657830745932,0.08162948647599148,-1.385564346797637,0.9659956074468359,0.8699095887237016,1.341484730614096,1.341484730614096,1.341484730614096,1.341484730614096,1.341484730614096,0
2021-12-07,0.21617657830745932,-0.19187539832773257,-0.0454552550314144,0.9659956074468359,0.8771174201325505,0.21617657830745932,1.341484730614096,1.341484730614096,1.341484730614096,1.341484730614096,1
2021-12-08,0.21617657830745932,-0.19187539832773257,-0.0454552550314144,0.8919581621104468,0.8843252515413985,0.21617657830745932,0.21617657830745932,1.341484730614096,1.341484730614096,1.341484730614096,1
2021-12-09,0.21617657830745932,-0.19187539832773257,-0.0454552550314144,0.8179207167740582,0.8915330829502474,0.21617657830745932,0.21617657830745932,0.21617657830745932,1.341484730614096,1.341484730614096,1
2021-12-10,0.21617657830745932,-0.12349917712680156,-0.0454552550314144,0.7438832714376691,0.9155591852596304,0.21617657830745932,0.21617657830745932,0.21617657830745932,0.21617657830745932,1.341484730614096,1
2021-12-13,0.21617657830745932,-0.19187539832773257,-0.0454552550314144,0.6698458261012799,0.9395852875690135,0.21617657830745932,0.21617657830745932,0.21617657830745932,0.21617657830745932,0.21617657830745932,1
2021-12-14,0.21617657830745932,-0.19187539832773257,-0.0454552550314144,0.5958083807648906,0.9636113898783965,0.21617657830745932,0.21617657830745932,0.21617657830745932,0.21617657830745932,0.21617657830745932,1
2021-12-15,0.21617657830745932,-0.19187539832773257,-0.0454552550314144,0.5217709354285015,0.9876374921877795,0.21617657830745932,0.21617657830745932,0.21617657830745932,0.21617657830745932,0.21617657830745932,1
2021-12-16,0.21617657830745932,-0.19187539832773257,-0.0454552550314144,0.447733490092113,1.0092609864143254,0.21617657830745932,0.21617657830745932,0.21617657830745932,0.21617657830745932,0.21617657830745932,1
2021-12-17,0.21617657830745932,-0.08165292975183178,-0.0454552550314144,0.262639885944839,1.0308844806408712,0.21617657830745932,0.21617657830745932,0.21617657830745932,0.21617657830745932,0.21617657830745932,1
2021-12-20,0.21617657830745932,-0.19187539832773257,-0.0454552550314144,0.07754628179756506,1.052507974867417,0.21617657830745932,0.21617657830745932,0.21617657830745932,0.21617657830745932,0.21617657830745932,1
2021-12-21,0.21617657830745932,-0.04801182892097371,-0.0454552550314144,-0.03350987701331971,1.0741314690939627,0.21617657830745932,0.21617657830745932,0.21617657830745932,0.21617657830745932,0.21617657830745932,1
2021-12-22,0.21617657830745932,-0.19187539832773257,-0.0454552550314144,-0.14456603582420446,1.0957549633205086,0.21617657830745932,0.21617657830745932,0.21617657830745932,0.21617657830745932,0.21617657830745932,1
2021-12-23,0.21617657830745932,-0.19187539832773257,-0.0454552550314144,-0.06435880950558219,1.0849432197874036,0.21617657830745932,0.21617657830745932,0.21617657830745932,0.21617657830745932,0.21617657830745932,1
2021-12-27,0.21617657830745932,-0.19187539832773257,-0.0454552550314144,0.015848416813040084,1.101761497848275,0.21617657830745932,0.21617657830745932,0.21617657830745932,0.21617657830745932,0.21617657830745932,1
2021-12-28,0.21617657830745932,-0.15768728772726706,-0.0454552550314144,0.09605564313166236,1.1378006548925186,0.21617657830745932,0.21617657830745932,0.21617657830745932,0.21617657830745932,0.21617657830745932,1
2021-12-29,0.21617657830745932,-0.19187539832773257,-0.0454552550314144,0.17626286945028463,1.1738398119367615,0.21617657830745932,0.21617657830745932,0.21617657830745932,0.21617657830745932,0.21617657830745932,1
2021-12-30,0.21617657830745932,-0.16343089030814525,-0.0454552550314144,0.2564700957689069,1.209878968981004,0.21617657830745932,0.21617657830745932,0.21617657830745932,0.21617657830745932,0.21617657830745932,1
2021-12-31,0.21617657830745932,-0.19187539832773257,-0.0454552550314144,0.3366773220875292,1.245918126025247,0.21617657830745932,0.21617657830745932,0.21617657830745932,0.21617657830745932,0.21617657830745932,1
2022-01-03,-1.4717855104158502,-0.10982393288661535,-2.6904072240626276,0.41688454840615147,1.2579311807601075,0.21617657830745932,0.21617657830745932,0.21617657830745932,0.21617657830745932,0.21617657830745932,0
2022-01-04,-1.4717855104158502,-0.19187539832773257,-0.0454552550314144,0.4970917747247737,1.2867625063955015,-1.4717855104158502,0.21617657830745932,0.21617657830745932,0.21617657830745932,0.21617657830745932,1
2022-01-05,-1.4717855104158502,-0.19187539832773257,-0.0454552550314144,0.577299001043396,1.3155938320308962,-1.4717855104158502,-1.4717855104158502,0.21617657830745932,0.21617657830745932,0.21617657830745932,1
2022-01-06,-1.4717855104158502,-0.19187539832773257,-0.0454552550314144,0.6575062273620182,1.34442515766629,-1.4717855104158502,-1.4717855104158502,-1.4717855104158502,0.21617657830745932,0.21617657830745932,1
2022-01-07,1.4352603168152185,9.805548655902793,8.60941514028349,0.7377134536806406,1.34442515766629,-1.4717855104158502,-1.4717855104158502,-1.4717855104158502,-1.4717855104158502,0.21617657830745932,1
2022-01-10,1.4352603168152185,1.3124014680927496,-0.0454552550314144,0.8179206799992629,1.34442515766629,1.4352603168152185,-1.4717855104158502,-1.4717855104158502,-1.4717855104158502,-1.4717855104158502,1
2022-01-11,1.4352603168152185,-0.19187539832773257,-0.0454552550314144,0.8981279063178851,1.34442515766629,1.4352603168152185,1.4352603168152185,-1.4717855104158502,-1.4717855104158502,-1.4717855104158502,1
2022-01-12,1.4352603168152185,-0.19187539832773257,-0.0454552550314144,0.9783351326365074,1.2747494552408098,1.4352603168152185,1.4352603168152185,1.4352603168152185,-1.4717855104158502,-1.4717855104158502,1
2022-01-13,1.4352603168152185,-0.19187539832773257,-0.0454552550314144,1.058542358955129,1.2050737528153297,1.4352603168152185,1.4352603168152185,1.4352603168152185,1.4352603168152185,-1.4717855104158502,1
2022-01-14,1.4352603168152185,-0.19187539832773257,-0.0454552550314144,1.1387495852737513,1.1353980503898498,1.4352603168152185,1.4352603168152185,1.4352603168152185,1.4352603168152185,1.4352603168152185,1
2022-01-18,1.4352603168152185,-0.19187539832773257,-0.0454552550314144,1.2189568115923735,1.0657223479643696,1.4352603168152185,1.4352603168152185,1.4352603168152185,1.4352603168152185,1.4352603168152185,1
2022-01-19,1.4352603168152185,-0.19187539832773257,-0.0454552550314144,1.4102201967218806,0.9960466455388886,1.4352603168152185,1.4352603168152185,1.4352603168152185,1.4352603168152185,1.4352603168152185,1
2022-01-20,1.4352603168152185,-0.19187539832773257,-0.0454552550314144,1.6014835818513875,0.9263709431134085,1.4352603168152185,1.4352603168152185,1.4352603168152185,1.4352603168152185,1.4352603168152185,1
2022-01-21,1.4352603168152185,-0.19187539832773257,-0.0454552550314144,1.7927469669808946,0.885526566323323,1.4352603168152185,1.4352603168152185,1.4352603168152185,1.4352603168152185,1.4352603168152185,1
2022-01-24,1.4352603168152185,-0.19187539832773257,-0.0454552550314144,1.9840103521104016,0.8446821895332368,1.4352603168152185,1.4352603168152185,1.4352603168152185,1.4352603168152185,1.4352603168152185,1
2022-01-25,1.4352603168152185,-0.19187539832773257,-0.0454552550314144,1.9007182353006624,0.8038378127431506,1.4352603168152185,1.4352603168152185,1.4352603168152185,1.4352603168152185,1.4352603168152185,1
2022-01-26,1.4352603168152185,-0.19187539832773257,-0.0454552550314144,1.8883786733361962,0.7629934359530652,1.4352603168152185,1.4352603168152185,1.4352603168152185,1.4352603168152185,1.4352603168152185,1
2022-01-27,1.4352603168152185,-0.19187539832773257,-0.0454552550314144,1.882208892353964,0.722149059162979,1.4352603168152185,1.4352603168152185,1.4352603168152185,1.4352603168152185,1.4352603168152185,1
2022-01-28,1.4352603168152185,-0.19187539832773257,-0.0454552550314144,1.87603911137173,0.7509803847983737,1.4352603168152185,1.4352603168152185,1.4352603168152185,1.4352603168152185,1.4352603168152185,1
2022-01-31,1.4352603168152185,-0.19187539832773257,-0.0454552550314144,1.8698693303894964,0.7798117104337675,1.4352603168152185,1.4352603168152185,1.4352603168152185,1.4352603168152185,1.4352603168152185,1
2022-02-01,1.4352603168152185,-0.19187539832773257,-0.0454552550314144,1.8636995494072641,0.8086430360691623,1.4352603168152185,1.4352603168152185,1.4352603168152185,1.4352603168152185,1.4352603168152185,1
2022-02-02,1.4352603168152185,-0.13717442136698776,-0.0454552550314144,1.8575297684250303,0.837474361704557,1.4352603168152185,1.4352603168152185,1.4352603168152185,1.4352603168152185,1.4352603168152185,1
2022-02-03,1.4352603168152185,-0.19187539832773257,-0.0454552550314144,1.851359987442797,0.8663056873399508,1.4352603168152185,1.4352603168152185,1.4352603168152185,1.4352603168152185,1.4352603168152185,1
2022-02-04,1.4352603168152185,-0.19187539832773257,-0.0454552550314144,1.845190206460564,0.8951370129753456,1.4352603168152185,1.4352603168152185,1.4352603168152185,1.4352603168152185,1.4352603168152185,1
2022-02-07,1.4352603168152185,-0.19187539832773257,-0.0454552550314144,1.839020425478331,0.8879291815664967,1.4352603168152185,1.4352603168152185,1.4352603168152185,1.4352603168152185,1.4352603168152185,1
2022-02-08,0.16928878520689808,0.2867581500787846,-1.5235166177950847,1.832850644496098,0.8807213501576479,1.4352603168152185,1.4352603168152185,1.4352603168152185,1.4352603168152185,1.4352603168152185,0
2022-02-09,1.247709144412973,-0.00042197896512573057,1.666906436185354,1.826680863513865,0.8735135187487998,0.16928878520689808,1.4352603168152185,1.4352603168152185,1.4352603168152185,1.4352603168152185,1
2022-02-10,1.341484730614096,-0.00042197896512573057,0.06849948428876759,1.8205110825316317,0.8663056873399508,1.247709144412973,0.16928878520689808,1.4352603168152185,1.4352603168152185,1.4352603168152185,1
2022-02-11,1.341484730614096,-0.19187539832773257,-0.0454552550314144,1.6354174783843578,0.859097855931102,1.341484730614096,1.247709144412973,0.16928878520689808,1.4352603168152185,1.4352603168152185,1
2022-02-14,1.341484730614096,0.057014046843656324,-0.0454552550314144,1.4503238742370839,0.8518900245222539,1.341484730614096,1.341484730614096,1.247709144412973,0.16928878520689808,1.4352603168152185,1
2022-02-15,1.341484730614096,-0.19187539832773257,-0.0454552550314144,1.26523027008981,0.8446821931134051,1.341484730614096,1.341484730614096,1.341484730614096,1.247709144412973,0.16928878520689808,1
2022-02-16,1.341484730614096,-0.16452490984736015,-0.0454552550314144,1.0801366659425367,0.837474361704557,1.341484730614096,1.341484730614096,1.341484730614096,1.341484730614096,1.247709144412973,1
2022-02-17,1.341484730614096,-0.19187539832773257,-0.0454552550314144,0.8950430617952627,0.8735135151686315,1.341484730614096,1.341484730614096,1.341484730614096,1.341484730614096,1.341484730614096,1
2022-02-18,1.341484730614096,-0.19187539832773257,-0.0454552550314144,0.7099494576479887,0.9095526686327061,1.341484730614096,1.341484730614096,1.341484730614096,1.341484730614096,1.341484730614096,1
2022-02-22,1.341484730614096,-0.19187539832773257,-0.0454552550314144,0.5248558535007147,0.9455918220967806,1.341484730614096,1.341484730614096,1.341484730614096,1.341484730614096,1.341484730614096,1
2022-02-23,1.341484730614096,-0.19187539832773257,-0.0454552550314144,0.3397622493534415,0.9816309755608552,1.341484730614096,1.341484730614096,1.341484730614096,1.341484730614096,1.341484730614096,1
2022-02-24,1.341484730614096,0.04744137587552598,-0.0454552550314144,0.237960762015906,0.9576048732514721,1.341484730614096,1.341484730614096,1.341484730614096,1.341484730614096,1.341484730614096,1
2022-02-25,1.341484730614096,-0.19187539832773257,-0.0454552550314144,0.06520671983309818,0.9335787709420891,1.341484730614096,1.341484730614096,1.341484730614096,1.341484730614096,1.341484730614096,1
2022-02-28,-1.3780099242147283,-0.007259601085218832,-3.2840521713298405,-0.1137171033319427,0.9095526686327061,1.341484730614096,1.341484730614096,1.341484730614096,1.341484730614096,1.341484730614096,0
2022-03-01,-1.3780099242147283,-0.19187539832773257,-0.0454552550314144,-0.1137171033319427,0.885526566323323,-1.3780099242147283,1.341484730614096,1.341484730614096,1.341484730614096,1.341484730614096,1
2022-03-02,-1.3780099242147283,-0.19187539832773257,-0.0454552550314144,-0.1137171033319427,0.86150046401394,-1.3780099242147283,-1.3780099242147283,1.341484730614096,1.341484730614096,1.341484730614096,1
2022-03-03,-1.3780099242147283,-0.19187539832773257,-0.0454552550314144,-0.1137171033319427,0.837474361704557,-1.3780099242147283,-1.3780099242147283,-1.3780099242147283,1.341484730614096,1.341484730614096,1
2022-03-04,-1.3780099242147283,-0.19187539832773257,-0.0454552550314144,-0.1137171033319427,0.813448259395174,-1.3780099242147283,-1.3780099242147283,-1.3780099242147283,-1.3780099242147283,1.341484730614096,1
2022-03-07,-1.3780099242147283,-0.19187539832773257,-0.0454552550314144,-0.1137171033319427,0.789422157085791,-1.3780099242147283,-1.3780099242147283,-1.3780099242147283,-1.3780099242147283,-1.3780099242147283,1
2022-03-08,-1.3780099242147283,-0.19187539832773257,-0.0454552550314144,-0.1137171033319427,0.7154217615432703,-1.3780099242147283,-1.3780099242147283,-1.3780099242147283,-1.3780099242147283,-1.3780099242147283,1
2022-03-09,-1.3780099242147283,-0.19187539832773257,-0.0454552550314144,-0.20626391000242847,0.6414213660007497,-1.3780099242147283,-1.3780099242147283,-1.3780099242147283,-1.3780099242147283,-1.3780099242147283,1
2022-03-10,-1.3780099242147283,-0.19187539832773257,-0.0454552550314144,-0.298810716672915,0.5674209704582299,-1.3780099242147283,-1.3780099242147283,-1.3780099242147283,-1.3780099242147283,-1.3780099242147283,1
2022-03-11,-1.3780099242147283,-0.19187539832773257,-0.0454552550314144,-0.39135752334340146,0.4934205749157102,-1.3780099242147283,-1.3780099242147283,-1.3780099242147283,-1.3780099242147283,-1.3780099242147283,1
2022-03-14,-1.3780099242147283,-0.19187539832773257,-0.0454552550314144,-0.483904330013888,0.41942017937319037,-1.3780099242147283,-1.3780099242147283,-1.3780099242147283,-1.3780099242147283,-1.3780099242147283,1
2022-03-15,1.341484730614096,0.1500057076769225,7.6654900245214925,-0.39752731351933357,0.3454197838306698,-1.3780099242147283,-1.3780099242147283,-1.3780099242147283,-1.3780099242147283,-1.3780099242147283,1
2022-03-16,1.341484730614096,-0.19187539832773257,-0.0454552550314144,-0.3111502970247792,0.27141938828815,1.341484730614096,-1.3780099242147283,-1.3780099242147283,-1.3780099242147283,-1.3780099242147283,1
2022-03-17,1.341484730614096,-0.19187539832773257,-0.0454552550314144,-0.2247732805302248,0.19741899274563024,1.341484730614096,1.341484730614096,-1.3780099242147283,-1.3780099242147283,-1.3780099242147283,1
2022-03-18,1.341484730614096,-0.19187539832773257,-0.0454552550314144,-0.13839626403567043,0.12341859720311046,1.341484730614096,1.341484730614096,1.341484730614096,-1.3780099242147283,-1.3780099242147283,1
2022-03-21,1.341484730614096,-0.19187539832773257,-0.0454552550314144,-0.05201924754111604,0.04941820166059068,1.341484730614096,1.341484730614096,1.341484730614096,1.341484730614096,-1.3780099242147283,1
2022-03-22,1.341484730614096,-0.19187539832773257,-0.0454552550314144,0.034357768953438346,-0.02458219388192993,1.341484730614096,1.341484730614096,1.341484730614096,1.341484730614096,1.341484730614096,1
2022-03-23,-0.06515045976919988,0.2867581500787846,-1.7205916197391926,0.12073478544799274,-0.09858258942444971,1.341484730614096,1.341484730614096,1.341484730614096,1.341484730614096,1.341484730614096,0
2022-03-24,-0.06515045976919988,-0.19187539832773257,-0.0454552550314144,0.2071118019425471,-0.17258298496696947,-0.06515045976919988,1.341484730614096,1.341484730614096,1.341484730614096,1.341484730614096,1
2022-03-25,-0.06515045976919988,-0.19187539832773257,-0.0454552550314144,0.3305075411052961,-0.16681672270402562,-0.06515045976919988,-0.06515045976919988,1.341484730614096,1.341484730614096,1.341484730614096,1
2022-03-28,-0.06515045976919988,-0.19187539832773257,-0.0454552550314144,0.4539032802680451,-0.18868048203505663,-0.06515045976919988,-0.06515045976919988,-0.06515045976919988,1.341484730614096,1.341484730614096,1
2022-03-29,-0.06515045976919988,-0.19187539832773257,-0.0454552550314144,0.5772990194307933,-0.2129468494489257,-0.06515045976919988,-0.06515045976919988,-0.06515045976919988,-0.06515045976919988,1.341484730614096,1
2022-03-30,-0.06515045976919988,-0.19187539832773257,-0.0454552550314144,0.5217709354285015,-0.23721321686279473,-0.06515045976919988,-0.06515045976919988,-0.06515045976919988,-0.06515045976919988,-0.06515045976919988,1
2022-03-31,-0.06515045976919988,-0.19187539832773257,-0.0454552550314144,0.4662428514262103,-0.2614795842766638,-0.06515045976919988,-0.06515045976919988,-0.06515045976919988,-0.06515045976919988,-0.06515045976919988,1
2022-04-01,-0.06515045976919988,-0.19187539832773257,-0.0454552550314144,0.4107147674239184,-0.28574595169053285,-0.06515045976919988,-0.06515045976919988,-0.06515045976919988,-0.06515045976919988,-0.06515045976919988,1
2022-04-04,-0.06515045976919988,-0.19187539832773257,-0.0454552550314144,0.35518668342162646,-0.310012319104401,-0.06515045976919988,-0.06515045976919988,-0.06515045976919988,-0.06515045976919988,-0.06515045976919988,1
2022-04-05,-0.06515045976919988,-0.19187539832773257,-0.0454552550314144,0.2996585994193346,-0.3400449487812148,-0.06515045976919988,-0.06515045976919988,-0.06515045976919988,-0.06515045976919988,-0.06515045976919988,1
2022-04-06,-0.06515045976919988,-0.19187539832773257,-0.0454552550314144,0.11579895514598729,-0.3700775784580277,-0.06515045976919988,-0.06515045976919988,-0.06515045976919988,-0.06515045976919988,-0.06515045976919988,1
2022-04-07,-0.06515045976919988,-0.19187539832773257,-0.0454552550314144,0.02448611754312576,-0.40011020813484055,-0.06515045976919988,-0.06515045976919988,-0.06515045976919988,-0.06515045976919988,-0.06515045976919988,1
2022-04-08,0.4975036163841185,-0.15084966560717397,0.9117655411029743,-0.06682672005973576,-0.43014283781165347,-0.06515045976919988,-0.06515045976919988,-0.06515045976919988,-0.06515045976919988,-0.06515045976919988,1
2022-04-11,0.4975036163841185,-0.19187539832773257,-0.0454552550314144,-0.15813955766259657,-0.4601754674884664,0.4975036163841185,-0.06515045976919988,-0.06515045976919988,-0.06515045976919988,-0.06515045976919988,1
2022-04-12,0.4975036163841185,-0.19187539832773257,-0.0454552550314144,-0.2494523952654581,-0.49020809716527924,0.4975036163841185,0.4975036163841185,-0.06515045976919988,-0.06515045976919988,-0.06515045976919988,1
2022-04-13,0.4975036163841185,-0.19187539832773257,-0.0454552550314144,-0.3407652328683196,-0.45056502441661206,0.4975036163841185,0.4975036163841185,0.4975036163841185,-0.06515045976919988,-0.06515045976919988,1
2022-04-14,0.4975036163841185,-0.19187539832773257,-0.0454552550314144,-0.4320780704711804,-0.42654132440025755,0.4975036163841185,0.4975036163841185,0.4975036163841185,0.4975036163841185,-0.06515045976919988,1
2022-04-18,0.4975036163841185,-0.19187539832773257,-0.0454552550314144,-0.523390908074042,-0.3977099951846946,0.4975036163841185,0.4975036163841185,0.4975036163841185,0.4975036163841185,0.4975036163841185,1
2022-04-19,0.4975036163841185,-0.19187539832773257,-0.0454552550314144,-0.6147037456769042,-0.37368629516833923,0.4975036163841185,0.4975036163841185,0.4975036163841185,0.4975036163841185,0.4975036163841185,1
2022-04-20,0.4975036163841185,-0.19187539832773257,-0.0454552550314144,-0.706016583279765,-0.3496625951519847,0.4975036163841185,0.4975036163841185,0.4975036163841185,0.4975036163841185,0.4975036163841185,1
2022-04-21,-1.4530303372809679,-0.15768728772726706,-2.8782059483693025,-0.7973294208826265,-0.3280390973452698,0.4975036163841185,0.4975036163841185,0.4975036163841185,0.4975036163841185,0.4975036163841185,0
2022-04-22,-1.4530303372809679,-0.19187539832773257,-0.0454552550314144,-0.8886422584854881,-0.30641559953855574,-1.4530303372809679,0.4975036163841185,0.4975036163841185,0.4975036163841185,0.4975036163841185,1
2022-04-25,-1.4530303372809679,-0.19187539832773257,-0.0454552550314144,-0.9799550960883489,-0.28479210173184166,-1.4530303372809679,-1.4530303372809679,0.4975036163841185,0.4975036163841185,0.4975036163841185,1
2022-04-26,-1.4530303372809679,0.19622803320875187,-0.0454552550314144,-0.9867418662012443,-0.2631686039251276,-1.4530303372809679,-1.4530303372809679,-1.4530303372809679,0.4975036163841185,0.4975036163841185,1
2022-04-27,-1.4530303372809679,-0.19187539832773257,-0.0454552550314144,-0.993528636314139,-0.24154510611841354,-1.4530303372809679,-1.4530303372809679,-1.4530303372809679,-1.4530303372809679,0.4975036163841185,1
2022-04-28,-1.4530303372809679,-0.19187539832773257,-0.0454552550314144,-1.0003154064270345,-0.21992160831169863,-1.4530303372809679,-1.4530303372809679,-1.4530303372809679,-1.4530303372809679,-1.4530303372809679,1
2022-04-29,-1.4530303372809679,-0.19187539832773257,-0.0454552550314144,-1.007102176539929,-0.2679738129304647,-1.4530303372809679,-1.4530303372809679,-1.4530303372809679,-1.4530303372809679,-1.4530303372809679,1
2022-05-02,-1.4530303372809679,-0.19187539832773257,-0.0454552550314144,-1.0138889466528247,-0.3160260175492307,-1.4530303372809679,-1.4530303372809679,-1.4530303372809679,-1.4530303372809679,-1.4530303372809679,1
2022-05-03,-1.4530303372809679,-0.19187539832773257,-0.0454552550314144,-1.02067571676572,-0.3640782221679968,-1.4530303372809679,-1.4530303372809679,-1.4530303372809679,-1.4530303372809679,-1.4530303372809679,1
2022-05-04,-1.4530303372809679,-0.19187539832773257,-0.0454552550314144,-1.0274624868786149,-0.4121304267867628,-1.4530303372809679,-1.4530303372809679,-1.4530303372809679,-1.4530303372809679,-1.4530303372809679,1
2022-05-05,-1.4530303372809679,-0.19187539832773257,-0.0454552550314144,-1.049056738703829,-0.4721956861403895,-1.4530303372809679,-1.4530303372809679,-1.4530303372809679,-1.4530303372809679,-1.4530303372809679,1
2022-05-06,-1.4530303372809679,-0.19187539832773257,-0.0454552550314144,-0.942319430257987,-0.5322609454940153,-1.4530303372809679,-1.4530303372809679,-1.4530303372809679,-1.4530303372809679,-1.4530303372809679,1
2022-05-09,-1.4530303372809679,-0.19187539832773257,-0.0454552550314144,-0.8355821218121451,-0.5562870478033983,-1.4530303372809679,-1.4530303372809679,-1.4530303372809679,-1.4530303372809679,-1.4530303372809679,1
2022-05-10,0.3943503038789082,-0.13717442136698776,5.400119152405681,-0.7288448133663031,-0.5803131501127813,-1.4530303372809679,-1.4530303372809679,-1.4530303372809679,-1.4530303372809679,-1.4530303372809679,1
2022-05-11,0.3943503038789082,-0.19187539832773257,-0.0454552550314144,-0.6221075049204613,-0.6043392524221644,0.3943503038789082,-1.4530303372809679,-1.4530303372809679,-1.4530303372809679,-1.4530303372809679,1
2022-05-12,0.3943503038789082,-0.19187539832773257,-0.0454552550314144,-0.5153701964746186,-0.6283653547315474,0.3943503038789082,0.3943503038789082,-1.4530303372809679,-1.4530303372809679,-1.4530303372809679,1
2022-05-13,0.3943503038789082,-0.19187539832773257,-0.0454552550314144,-0.4086328880287767,-0.6523914570409304,0.3943503038789082,0.3943503038789082,0.3943503038789082,-1.4530303372809679,-1.4530303372809679,1
2022-05-16,0.3943503038789082,-0.19187539832773257,-0.0454552550314144,-0.34200537090788113,-0.6764175593503134,0.3943503038789082,0.3943503038789082,0.3943503038789082,0.3943503038789082,-1.4530303372809679,1
2022-05-17,0.3943503038789082,-0.16452490984736015,-0.0454552550314144,-0.2630320952694865,-0.7004436616596964,0.3943503038789082,0.3943503038789082,0.3943503038789082,0.3943503038789082,0.3943503038789082,1
2022-05-18,0.3943503038789082,-0.19187539832773257,-0.0454552550314144,-0.19640457814859094,-0.7244697639690795,0.3943503038789082,0.3943503038789082,0.3943503038789082,0.3943503038789082,0.3943503038789082,1
2022-05-19,0.16928878520689808,-0.16452490984736015,-0.3813220377287138,-0.12977706102769612,-0.7484958662784625,0.3943503038789082,0.3943503038789082,0.3943503038789082,0.3943503038789082,0.3943503038789082,0
2022-05-20,0.16928878520689808,-0.19187539832773257,-0.0454552550314144,-0.06931314672339804,-0.7725219685878455,0.16928878520689808,0.3943503038789082,0.3943503038789082,0.3943503038789082,0.3943503038789082,1
2022-05-23,0.16928878520689808,-0.19187539832773257,-0.0454552550314144,-0.008849232419100699,-0.7965480708972286,0.16928878520689808,0.16928878520689808,0.3943503038789082,0.3943503038789082,0.3943503038789082,1
2022-05-24,0.16928878520689808,-0.19187539832773257,-0.0454552550314144,0.05161468188519665,-0.8205741732066116,0.16928878520689808,0.16928878520689808,0.16928878520689808,0.3943503038789082,0.3943503038789082,1
2022-05-25,0.16928878520689808,-0.19187539832773257,-0.0454552550314144,-0.009466193968666681,-0.8590159383336916,0.16928878520689808,0.16928878520689808,0.16928878520689808,0.16928878520689808,0.3943503038789082,1
2022-05-26,0.16928878520689808,-0.19187539832773257,-0.0454552550314144,-0.0705470698225293,-0.8974577034607715,0.16928878520689808,0.16928878520689808,0.16928878520689808,0.16928878520689808,0.16928878520689808,1
2022-05-27,0.16928878520689808,-0.19187539832773257,-0.0454552550314144,-0.13162794567639263,-0.9358994685878523,0.16928878520689808,0.16928878520689808,0.16928878520689808,0.16928878520689808,0.16928878520689808,1
2022-05-31,-0.44034698707300374,2.543173449709508,-1.0134608505637324,-0.19270882153025523,-0.9743412337149323,0.16928878520689808,0.16928878520689808,0.16928878520689808,0.16928878520689808,0.16928878520689808,0
2022-06-01,-0.25270163217144537,1.1756490256908876,0.31498131020897807,-0.25378969738411783,-1.0127829988420123,-0.44034698707300374,0.16928878520689808,0.16928878520689808,0.16928878520689808,0.16928878520689808,1
2022-06-02,-0.44034698707300374,1.1756490256908876,-0.38403623195127023,-0.3148705732379812,-1.051224763969093,-0.25270163217144537,-0.44034698707300374,0.16928878520689808,0.16928878520689808,0.16928878520689808,0
2022-06-03,-0.44034698707300374,-0.19187539832773257,-0.0454552550314144,-0.3759514490918438,-1.0896665290961731,-0.44034698707300374,-0.25270163217144537,-0.44034698707300374,0.16928878520689808,0.16928878520689808,1
2022-06-06,-0.5340286702481045,0.4918868136815776,-0.22540271031101028,-0.4530737849193499,-1.128108294223253,-0.44034698707300374,-0.44034698707300374,-0.25270163217144537,-0.44034698707300374,0.16928878520689808,0
2022-06-07,-0.5340286702481045,-0.19187539832773257,-0.0454552550314144,-0.5301961207468553,-1.1165757661171962,-0.5340286702481045,-0.44034698707300374,-0.44034698707300374,-0.25270163217144537,-0.44034698707300374,1
2022-06-08,-0.5340286702481045,-0.19187539832773257,-0.0454552550314144,-0.6073184565743607,-1.1050432380111386,-0.5340286702481045,-0.5340286702481045,-0.44034698707300374,-0.44034698707300374,-0.25270163217144537,1
2022-06-09,-0.5340286702481045,-0.19187539832773257,-0.0454552550314144,-0.6844407924018667,-1.0935107099050827,-0.5340286702481045,-0.5340286702481045,-0.5340286702481045,-0.44034698707300374,-0.44034698707300374,1
2022-06-10,-0.5340286702481045,-0.19187539832773257,-0.0454552550314144,-0.7615631282293721,-1.081978181799026,-0.5340286702481045,-0.5340286702481045,-0.5340286702481045,-0.5340286702481045,-0.44034698707300374,1
2022-06-13,-0.5340286702481045,-0.19187539832773257,-0.0454552550314144,-0.8386854640568782,-1.0704456536929692,-0.5340286702481045,-0.5340286702481045,-0.5340286702481045,-0.5340286702481045,-0.5340286702481045,1
2022-06-14,-0.5340286702481045,-0.19187539832773257,-0.0454552550314144,-0.9158077998843835,-1.0589131255869124,-0.5340286702481045,-0.5340286702481045,-0.5340286702481045,-0.5340286702481045,-0.5340286702481045,1
2022-06-15,-0.5340286702481045,-0.19187539832773257,-0.0454552550314144,-0.9528203443869426,-1.0473805974808554,-0.5340286702481045,-0.5340286702481045,-0.5340286702481045,-0.5340286702481045,-0.5340286702481045,1
2022-06-16,-0.5340286702481045,-0.19187539832773257,-0.0454552550314144,-1.0021786474070014,-1.0358480693747987,-0.5340286702481045,-0.5340286702481045,-0.5340286702481045,-0.5340286702481045,-0.5340286702481045,1
2022-06-17,-0.5340286702481045,-0.19187539832773257,-0.0454552550314144,-1.0391911919095598,-1.024315541268742,-0.5340286702481045,-0.5340286702481045,-0.5340286702481045,-0.5340286702481045,-0.5340286702481045,1
2022-06-21,-1.0029071602003,-0.014097223205311933,-0.9760867166778076,-1.0762037364121186,-1.0127830131626852,-0.5340286702481045,-0.5340286702481045,-0.5340286702481045,-0.5340286702481045,-0.5340286702481045,0
2022-06-22,-1.0029071602003,-0.19187539832773257,-0.0454552550314144,-1.1070526780980803,-1.0012504850566284,-1.0029071602003,-0.5340286702481045,-0.5340286702481045,-0.5340286702481045,-0.5340286702481045,1
2022-06-23,-1.0029071602003,-0.19187539832773257,-0.0454552550314144,-1.1379016197840417,-0.9897179569505725,-1.0029071602003,-1.0029071602003,-0.5340286702481045,-0.5340286702481045,-0.5340286702481045,1
2022-06-24,-1.0029071602003,-0.19187539832773257,-0.0454552550314144,-1.1687505614700033,-0.9781854288445156,-1.0029071602003,-1.0029071602003,-1.0029071602003,-0.5340286702481045,-0.5340286702481045,1
2022-06-27,-1.0029071602003,-0.19187539832773257,-0.0454552550314144,-1.199599503155964,-1.0139843207842725,-1.0029071602003,-1.0029071602003,-1.0029071602003,-1.0029071602003,-0.5340286702481045,1
2022-06-28,-1.0029071602003,-0.19187539832773257,-0.0454552550314144,-1.2304484448419255,-1.04978321272403,-1.0029071602003,-1.0029071602003,-1.0029071602003,-1.0029071602003,-1.0029071602003,1
2022-06-29,-1.0029071602003,-0.19187539832773257,-0.0454552550314144,-1.2612973865278871,-1.0855821046637868,-1.0029071602003,-1.0029071602003,-1.0029071602003,-1.0029071602003,-1.0029071602003,1
2022-06-30,-1.0029071602003,-0.19187539832773257,-0.0454552550314144,-1.2921463282138486,-1.1213809966035435,-1.0029071602003,-1.0029071602003,-1.0029071602003,-1.0029071602003,-1.0029071602003,1
2022-07-01,-1.0029071602003,-0.19187539832773257,-0.0454552550314144,-1.3229952698998095,-1.1571798885433011,-1.0029071602003,-1.0029071602003,-1.0029071602003,-1.0029071602003,-1.0029071602003,1
2022-07-05,-1.0029071602003,-0.19187539832773257,-0.0454552550314144,-1.353844211585771,-1.1929787804830578,-1.0029071602003,-1.0029071602003,-1.0029071602003,-1.0029071602003,-1.0029071602003,1
2022-07-06,-1.0029071602003,-0.19187539832773257,-0.0454552550314144,-1.3846931532717326,-1.2287776724228154,-1.0029071602003,-1.0029071602003,-1.0029071602003,-1.0029071602003,-1.0029071602003,1
2022-07-07,-1.0029071602003,-0.19187539832773257,-0.0454552550314144,-1.3846931532717326,-1.2588103020996284,-1.0029071602003,-1.0029071602003,-1.0029071602003,-1.0029071602003,-1.0029071602003,1
2022-07-08,-1.0029071602003,-0.19187539832773257,-0.0454552550314144,-1.3846931532717326,-1.2834759260875719,-1.0029071602003,-1.0029071602003,-1.0029071602003,-1.0029071602003,-1.0029071602003,1
2022-07-11,-1.0029071602003,-0.19187539832773257,-0.0454552550314144,-1.3846931532717326,-1.3089502590587276,-1.0029071602003,-1.0029071602003,-1.0029071602003,-1.0029071602003,-1.0029071602003,1
2022-07-12,-1.0029071602003,-0.19187539832773257,-0.0454552550314144,-1.3846931532717326,-1.335273736462255,-1.0029071602003,-1.0029071602003,-1.0029071602003,-1.0029071602003,-1.0029071602003,1
2022-07-13,-1.0029071602003,-0.19187539832773257,-0.0454552550314144,-1.3846931532717326,-1.3624895351336979,-1.0029071602003,-1.0029071602003,-1.0029071602003,-1.0029071602003,-1.0029071602003,1
2022-07-14,-1.0029071602003,-0.19187539832773257,-0.0454552550314144,-1.3846931532717326,-1.3906438096213982,-1.0029071602003,-1.0029071602003,-1.0029071602003,-1.0029071602003,-1.0029071602003,1
2022-07-15,-1.0029071602003,-0.19187539832773257,-0.0454552550314144,-1.3846931532717326,-1.4197859533893682,-1.0029071602003,-1.0029071602003,-1.0029071602003,-1.0029071602003,-1.0029071602003,1
2022-07-18,-1.0029071602003,-0.19187539832773257,-0.0454552550314144,-1.3846931532717326,-1.4323970936823438,-1.0029071602003,-1.0029071602003,-1.0029071602003,-1.0029071602003,-1.0029071602003,1
2022-07-19,-1.0029071602003,-0.19187539832773257,-0.0454552550314144,-1.3846931532717326,-1.4509737416141555,-1.0029071602003,-1.0029071602003,-1.0029071602003,-1.0029071602003,-1.0029071602003,1
2022-07-20,-1.0029071602003,-0.19187539832773257,-0.0454552550314144,-1.3846931532717326,-1.464629512811033,-1.0029071602003,-1.0029071602003,-1.0029071602003,-1.0029071602003,-1.0029071602003,1
2022-07-21,-1.0029071602003,-0.19187539832773257,-0.0454552550314144,-1.3846931532717326,-1.4788005961285478,-1.0029071602003,-1.0029071602003,-1.0029071602003,-1.0029071602003,-1.0029071602003,1
2022-07-22,-1.0029071602003,-0.19187539832773257,-0.0454552550314144,-1.3846931532717326,-1.4906087838196704,-1.0029071602003,-1.0029071602003,-1.0029071602003,-1.0029071602003,-1.0029071602003,1
2022-07-25,-1.0029071602003,-0.19187539832773257,-0.0454552550314144,-1.3846931532717326,-1.502880037694759,-1.0029071602003,-1.0029071602003,-1.0029071602003,-1.0029071602003,-1.0029071602003,1
2022-07-26,-1.0029071602003,-0.19187539832773257,-0.0454552550314144,-1.3846931532717326,-1.5156421417248518,-1.0029071602003,-1.0029071602003,-1.0029071602003,-1.0029071602003,-1.0029071602003,1
2022-07-27,-1.0029071602003,-0.19187539832773257,-0.0454552550314144,-1.3846931532717326,-1.528925147960254,-1.0029071602003,-1.0029071602003,-1.0029071602003,-1.0029071602003,-1.0029071602003,1
2022-07-28,-1.0029071602003,-0.19187539832773257,-0.0454552550314144,-1.3846931532717326,-1.542761612788798,-1.0029071602003,-1.0029071602003,-1.0029071602003,-1.0029071602003,-1.0029071602003,1
2022-07-29,-1.0029071602003,-0.19187539832773257,-0.0454552550314144,-1.3846931532717326,-1.5571868633547274,-1.0029071602003,-1.0029071602003,-1.0029071602003,-1.0029071602003,-1.0029071602003,1
2022-08-01,-1.0029071602003,-0.19187539832773257,-0.0454552550314144,-1.3846931532717326,-1.5722392987278708,-1.0029071602003,-1.0029071602003,-1.0029071602003,-1.0029071602003,-1.0029071602003,1
2022-08-02,-1.0029071602003,-0.19187539832773257,-0.0454552550314144,-1.3846931532717326,-1.5879607312287085,-1.0029071602003,-1.0029071602003,-1.0029071602003,-1.0029071602003,-1.0029071602003,1
2022-08-03,-1.0029071602003,-0.19187539832773257,-0.0454552550314144,-1.3846931532717326,-1.6043967742977674,-1.0029071602003,-1.0029071602003,-1.0029071602003,-1.0029071602003,-1.0029071602003,1
2022-08-04,-1.0029071602003,-0.19187539832773257,-0.0454552550314144,-1.3846931532717326,-1.6215972844863167,-1.0029071602003,-1.0029071602003,-1.0029071602003,-1.0029071602003,-1.0029071602003,1
2022-08-05,-1.0029071602003,-0.19187539832773257,-0.0454552550314144,-1.3846931532717326,-1.6215972844863167,-1.0029071602003,-1.0029071602003,-1.0029071602003,-1.0029071602003,-1.0029071602003,1
2022-08-08,-1.0029071602003,-0.19187539832773257,-0.0454552550314144,-1.3846931532717326,-1.6215972844863167,-1.0029071602003,-1.0029071602003,-1.0029071602003,-1.0029071602003,-1.0029071602003,1
2022-08-09,-1.0029071602003,-0.19187539832773257,-0.0454552550314144,-1.3846931532717326,-1.6215972844863167,-1.0029071602003,-1.0029071602003,-1.0029071602003,-1.0029071602003,-1.0029071602003,1
2022-08-10,-1.0029071602003,-0.19187539832773257,-0.0454552550314144,-1.3846931532717326,-1.6215972844863167,-1.0029071602003,-1.0029071602003,-1.0029071602003,-1.0029071602003,-1.0029071602003,1
2022-08-11,-1.0029071602003,-0.19187539832773257,-0.0454552550314144,-1.3846931532717326,-1.6215972844863167,-1.0029071602003,-1.0029071602003,-1.0029071602003,-1.0029071602003,-1.0029071602003,1
2022-08-12,-1.0029071602003,-0.19187539832773257,-0.0454552550314144,-1.3846931532717326,-1.6215972844863167,-1.0029071602003,-1.0029071602003,-1.0029071602003,-1.0029071602003,-1.0029071602003,1
2022-08-15,-1.0029071602003,-0.19187539832773257,-0.0454552550314144,-1.3846931532717317,-1.6215972844863167,-1.0029071602003,-1.0029071602003,-1.0029071602003,-1.0029071602003,-1.0029071602003,1
2022-08-16,-1.0029071602003,-0.19187539832773257,-0.0454552550314144,-1.3846931532717317,-1.6215972844863167,-1.0029071602003,-1.0029071602003,-1.0029071602003,-1.0029071602003,-1.0029071602003,1
2022-08-17,-1.0029071602003,-0.19187539832773257,-0.0454552550314144,-1.3846931532717317,-1.6215972844863167,-1.0029071602003,-1.0029071602003,-1.0029071602003,-1.0029071602003,-1.0029071602003,1
2022-08-18,-1.0029071602003,-0.19187539832773257,-0.0454552550314144,-1.3846931532717317,-1.6215972844863167,-1.0029071602003,-1.0029071602003,-1.0029071602003,-1.0029071602003,-1.0029071602003,1
2022-08-19,-1.0029071602003,-0.19187539832773257,-0.0454552550314144,-1.3846931532717317,-1.6215972844863167,-1.0029071602003,-1.0029071602003,-1.0029071602003,-1.0029071602003,-1.0029071602003,1
