Date,Close,lag_1,label
2021-10-20,34.209999084472656,33.970001220703125,down
2021-10-21,34.040000915527344,34.209999084472656,up
2021-10-22,34.599998474121094,34.040000915527344,down
2021-10-25,34.0099983215332,34.599998474121094,up
2021-10-26,33.88999938964844,34.0099983215332,up
2021-10-27,33.869998931884766,33.88999938964844,up
2021-10-28,34.459999084472656,33.869998931884766,down
2021-10-29,33.38999938964844,34.459999084472656,up
2021-11-01,34.310001373291016,33.38999938964844,down
2021-11-02,35.099998474121094,34.310001373291016,down
2021-11-03,37.130001068115234,35.099998474121094,down
2021-11-04,36.0,37.130001068115234,up
2021-11-05,8.819999694824219,36.0,up
2021-11-08,10.170000076293944,8.819999694824219,down
2021-11-09,9.68000030517578,10.170000076293944,up
2021-11-10,9.609999656677246,9.68000030517578,up
2021-11-11,9.449999809265137,9.609999656677246,up
2021-11-12,9.239999771118164,9.449999809265137,up
2021-11-15,9.239999771118164,9.239999771118164,down
2021-11-16,9.170000076293944,9.239999771118164,up
2021-11-17,8.890000343322754,9.170000076293944,up
2021-11-18,8.550000190734863,8.890000343322754,up
2021-11-19,8.5,8.550000190734863,up
2021-11-22,8.65999984741211,8.5,down
2021-11-23,8.3100004196167,8.65999984741211,up
2021-11-24,8.350000381469727,8.3100004196167,down
2021-11-26,8.069999694824219,8.350000381469727,up
2021-11-29,7.699999809265137,8.069999694824219,up
2021-11-30,8.630000114440918,7.699999809265137,down
2021-12-01,8.0,8.630000114440918,up
2021-12-02,8.229999542236328,8.0,down
2021-12-03,8.0,8.229999542236328,up
2021-12-06,8.029999732971191,8.0,down
2021-12-07,8.300000190734863,8.029999732971191,down
2021-12-08,8.640000343322754,8.300000190734863,down
2021-12-09,8.579999923706055,8.640000343322754,up
2021-12-10,8.420000076293945,8.579999923706055,up
2021-12-13,8.609999656677246,8.420000076293945,down
2021-12-14,8.75,8.609999656677246,down
2021-12-15,9.229999542236328,8.75,down
2021-12-16,9.130000114440918,9.229999542236328,up
2021-12-17,9.90999984741211,9.130000114440918,down
2021-12-20,9.81999969482422,9.90999984741211,up
2021-12-21,10.31999969482422,9.81999969482422,down
2021-12-22,10.34000015258789,10.31999969482422,down
2021-12-23,10.460000038146973,10.34000015258789,down
2021-12-27,10.43000030517578,10.460000038146973,up
2021-12-28,10.0600004196167,10.43000030517578,up
2021-12-29,9.34000015258789,10.0600004196167,up
2021-12-30,10.06999969482422,9.34000015258789,down
2021-12-31,9.770000457763672,10.06999969482422,up
2022-01-03,11.109999656677246,9.770000457763672,down
2022-01-04,10.649999618530272,11.109999656677246,up
2022-01-05,9.68000030517578,10.649999618530272,up
2022-01-06,9.289999961853027,9.68000030517578,up
2022-01-07,8.930000305175781,9.289999961853027,up
2022-01-10,9.039999961853027,8.930000305175781,down
2022-01-11,9.0600004196167,9.039999961853027,down
2022-01-12,8.579999923706055,9.0600004196167,up
2022-01-13,8.40999984741211,8.579999923706055,up
2022-01-14,8.869999885559082,8.40999984741211,down
2022-01-18,8.270000457763672,8.869999885559082,up
2022-01-19,8.479999542236328,8.270000457763672,down
2022-01-20,8.149999618530273,8.479999542236328,up
2022-01-21,8.039999961853027,8.149999618530273,up
2022-01-24,8.470000267028809,8.039999961853027,down
2022-01-25,8.420000076293945,8.470000267028809,up
2022-01-26,8.229999542236328,8.420000076293945,up
2022-01-27,7.71999979019165,8.229999542236328,up
2022-01-28,7.78000020980835,7.71999979019165,down
2022-01-31,8.430000305175781,7.78000020980835,down
2022-02-01,8.8100004196167,8.430000305175781,down
2022-02-02,8.229999542236328,8.8100004196167,up
2022-02-03,7.869999885559082,8.229999542236328,up
2022-02-04,7.96999979019165,7.869999885559082,down
2022-02-07,8.210000038146973,7.96999979019165,down
2022-02-08,8.15999984741211,8.210000038146973,up
2022-02-09,9.40999984741211,8.15999984741211,down
2022-02-10,9.260000228881836,9.40999984741211,up
2022-02-11,9.25,9.260000228881836,up
2022-02-14,8.890000343322754,9.25,up
2022-02-15,9.449999809265137,8.890000343322754,down
2022-02-16,9.0,9.449999809265137,up
2022-02-17,8.34000015258789,9.0,up
2022-02-18,8.010000228881836,8.34000015258789,up
2022-02-22,7.75,8.010000228881836,up
2022-02-23,7.46999979019165,7.75,up
2022-02-24,8.180000305175781,7.46999979019165,down
2022-02-25,8.079999923706055,8.180000305175781,up
2022-02-28,7.710000038146973,8.079999923706055,up
2022-03-01,7.869999885559082,7.710000038146973,down
2022-03-02,7.929999828338623,7.869999885559082,down
2022-03-03,7.440000057220459,7.929999828338623,up
2022-03-04,7.010000228881836,7.440000057220459,up
2022-03-07,6.869999885559082,7.010000228881836,up
2022-03-08,7.079999923706055,6.869999885559082,down
2022-03-09,8.0,7.079999923706055,down
2022-03-10,7.989999771118164,8.0,up
2022-03-11,7.590000152587891,7.989999771118164,up
2022-03-14,7.309999942779541,7.590000152587891,up
2022-03-15,7.71999979019165,7.309999942779541,down
2022-03-16,8.239999771118164,7.71999979019165,down
2022-03-17,9.050000190734863,8.239999771118164,down
2022-03-18,9.119999885559082,9.050000190734863,down
2022-03-21,8.869999885559082,9.119999885559082,up
2022-03-22,9.550000190734863,8.869999885559082,down
2022-03-23,9.289999961853027,9.550000190734863,up
2022-03-24,9.350000381469728,9.289999961853027,down
2022-03-25,8.880000114440918,9.350000381469728,up
2022-03-28,8.779999732971191,8.880000114440918,up
2022-03-29,9.350000381469728,8.779999732971191,down
2022-03-30,9.09000015258789,9.350000381469728,up
2022-03-31,9.270000457763672,9.09000015258789,down
2022-04-01,9.90999984741211,9.270000457763672,down
2022-04-04,10.130000114440918,9.90999984741211,down
2022-04-05,9.920000076293944,10.130000114440918,up
2022-04-06,10.1899995803833,9.920000076293944,down
2022-04-07,10.220000267028809,10.1899995803833,down
2022-04-08,10.100000381469728,10.220000267028809,up
2022-04-11,10.289999961853027,10.100000381469728,down
2022-04-12,10.25,10.289999961853027,up
2022-04-13,10.75,10.25,down
2022-04-14,10.449999809265137,10.75,up
2022-04-18,10.050000190734863,10.449999809265137,up
2022-04-19,10.020000457763672,10.050000190734863,up
2022-04-20,10.260000228881836,10.020000457763672,down
2022-04-21,10.270000457763672,10.260000228881836,down
2022-04-22,10.380000114440918,10.270000457763672,down
2022-04-25,11.130000114440918,10.380000114440918,down
2022-04-26,10.359999656677246,11.130000114440918,up
2022-04-27,10.760000228881836,10.359999656677246,down
2022-04-28,10.829999923706056,10.760000228881836,down
2022-04-29,10.119999885559082,10.829999923706056,up
2022-05-02,10.90999984741211,10.119999885559082,down
2022-05-03,10.550000190734863,10.90999984741211,up
2022-05-04,10.770000457763672,10.550000190734863,down
2022-05-05,10.630000114440918,10.770000457763672,up
2022-05-06,9.68000030517578,10.630000114440918,up
2022-05-09,9.109999656677246,9.68000030517578,up
2022-05-10,9.989999771118164,9.109999656677246,down
2022-05-11,9.399999618530272,9.989999771118164,up
2022-05-12,9.960000038146973,9.399999618530272,down
2022-05-13,10.3100004196167,9.960000038146973,down
2022-05-16,10.619999885559082,10.3100004196167,down
2022-05-17,11.43000030517578,10.619999885559082,down
2022-05-18,10.90999984741211,11.43000030517578,up
2022-05-19,11.369999885559082,10.90999984741211,down
2022-05-20,11.84000015258789,11.369999885559082,down
2022-05-23,11.729999542236328,11.84000015258789,up
2022-05-24,10.760000228881836,11.729999542236328,up
2022-05-25,10.56999969482422,10.760000228881836,up
2022-05-26,10.6899995803833,10.56999969482422,down
2022-05-27,11.460000038146973,10.6899995803833,down
2022-05-31,10.84000015258789,11.460000038146973,up
2022-06-01,10.850000381469728,10.84000015258789,down
2022-06-02,11.09000015258789,10.850000381469728,down
2022-06-03,11.210000038146973,11.09000015258789,down
2022-06-06,11.15999984741211,11.210000038146973,up
2022-06-07,11.960000038146973,11.15999984741211,down
2022-06-08,12.4399995803833,11.960000038146973,down
2022-06-09,11.920000076293944,12.4399995803833,up
2022-06-10,11.270000457763672,11.920000076293944,up
2022-06-13,10.43000030517578,11.270000457763672,up
2022-06-14,10.829999923706056,10.43000030517578,down
2022-06-15,11.619999885559082,10.829999923706056,down
2022-06-16,10.920000076293944,11.619999885559082,up
2022-06-17,11.739999771118164,10.920000076293944,down
2022-06-21,12.420000076293944,11.739999771118164,down
2022-06-22,13.130000114440918,12.420000076293944,down
2022-06-23,13.979999542236328,13.130000114440918,down
2022-06-24,13.729999542236328,13.979999542236328,up
2022-06-27,13.729999542236328,13.729999542236328,down
2022-06-28,13.350000381469728,13.729999542236328,up
2022-06-29,13.460000038146973,13.350000381469728,down
2022-06-30,13.149999618530272,13.460000038146973,up
2022-07-01,13.260000228881836,13.149999618530272,down
2022-07-05,13.640000343322754,13.260000228881836,down
2022-07-06,13.920000076293944,13.640000343322754,down
2022-07-07,13.460000038146973,13.920000076293944,up
2022-07-08,13.09000015258789,13.460000038146973,up
2022-07-11,12.529999732971191,13.09000015258789,up
2022-07-12,13.270000457763672,12.529999732971191,down
2022-07-13,13.390000343322754,13.270000457763672,down
2022-07-14,12.989999771118164,13.390000343322754,up
2022-07-15,13.010000228881836,12.989999771118164,down
2022-07-18,12.729999542236328,13.010000228881836,up
2022-07-19,13.65999984741211,12.729999542236328,down
2022-07-20,13.779999732971191,13.65999984741211,down
2022-07-21,13.520000457763672,13.779999732971191,up
2022-07-22,13.010000228881836,13.520000457763672,up
2022-07-25,13.220000267028809,13.010000228881836,down
2022-07-26,13.56999969482422,13.220000267028809,down
2022-07-27,13.460000038146973,13.56999969482422,up
2022-07-28,12.630000114440918,13.460000038146973,up
2022-07-29,12.6899995803833,12.630000114440918,down
2022-08-01,12.380000114440918,12.6899995803833,up
2022-08-02,12.890000343322754,12.380000114440918,down
2022-08-03,13.56999969482422,12.890000343322754,down
2022-08-04,16.809999465942383,13.56999969482422,down
2022-08-05,16.510000228881836,16.809999465942383,up
2022-08-08,16.639999389648438,16.510000228881836,down
2022-08-09,16.940000534057617,16.639999389648438,down
2022-08-10,17.200000762939453,16.940000534057617,down
2022-08-11,15.770000457763672,17.200000762939453,up
2022-08-12,16.40999984741211,15.770000457763672,down
2022-08-15,16.639999389648438,16.40999984741211,down
2022-08-16,15.850000381469728,16.639999389648438,up
2022-08-17,15.460000038146973,15.850000381469728,up
2022-08-18,15.300000190734863,15.460000038146973,up
2017-09-28,17.649999618530273,15.300000190734863,down
2017-09-29,18.989999771118164,17.649999618530273,down
2017-10-02,19.729999542236328,18.989999771118164,down
2017-10-03,19.709999084472656,19.729999542236328,up
2017-10-04,20.25,19.709999084472656,down
2017-10-05,22.170000076293945,20.25,down
2017-10-06,22.90999984741211,22.170000076293945,down
2017-10-09,23.309999465942383,22.90999984741211,down
2017-10-10,22.899999618530277,23.309999465942383,up
2017-10-11,22.3799991607666,22.899999618530277,up
2017-10-12,22.8799991607666,22.3799991607666,down
2017-10-13,24.200000762939453,22.8799991607666,down
2017-10-16,24.0,24.200000762939453,up
2017-10-17,21.43000030517578,24.0,up
2017-10-18,19.959999084472656,21.43000030517578,up
2017-10-19,19.84000015258789,19.959999084472656,up
2017-10-20,20.149999618530277,19.84000015258789,down
2017-10-23,20.790000915527344,20.149999618530277,down
2017-10-24,20.350000381469727,20.790000915527344,up
2017-10-25,19.31999969482422,20.350000381469727,up
2017-10-26,19.399999618530277,19.31999969482422,down
2017-10-27,18.63999938964844,19.399999618530277,up
2017-10-30,19.09000015258789,18.63999938964844,down
2017-10-31,19.190000534057617,19.09000015258789,down
2017-11-01,19.07999992370605,19.190000534057617,up
2017-11-02,17.959999084472656,19.07999992370605,up
2017-11-03,19.01000022888184,17.959999084472656,down
2017-11-06,18.959999084472656,19.01000022888184,up
2017-11-07,18.049999237060547,18.959999084472656,up
2017-11-08,17.0,18.049999237060547,up
2017-11-09,16.729999542236328,17.0,up
2017-11-10,17.399999618530273,16.729999542236328,down
2017-11-13,17.670000076293945,17.399999618530273,down
2017-11-14,17.510000228881836,17.670000076293945,up
2017-11-15,17.850000381469727,17.510000228881836,down
2017-11-16,17.770000457763672,17.850000381469727,up
2017-11-17,19.600000381469727,17.770000457763672,down
2017-11-20,20.81999969482422,19.600000381469727,down
2017-11-21,21.06999969482422,20.81999969482422,down
2017-11-22,20.46999931335449,21.06999969482422,up
2017-11-24,20.09000015258789,20.46999931335449,up
2017-11-27,20.049999237060547,20.09000015258789,up
2017-11-28,20.36000061035156,20.049999237060547,down
2017-11-29,19.239999771118164,20.36000061035156,up
2017-11-30,19.86000061035156,19.239999771118164,down
2017-12-01,19.549999237060547,19.86000061035156,up
2017-12-04,17.770000457763672,19.549999237060547,up
2017-12-05,17.889999389648438,17.770000457763672,down
2017-12-06,17.06999969482422,17.889999389648438,up
2017-12-07,17.8799991607666,17.06999969482422,down
2017-12-08,18.209999084472656,17.8799991607666,down
2017-12-11,16.829999923706055,18.209999084472656,up
2017-12-12,16.600000381469727,16.829999923706055,up
2017-12-13,17.81999969482422,16.600000381469727,down
2017-12-14,16.75,17.81999969482422,up
2017-12-15,16.540000915527344,16.75,up
2017-12-18,17.149999618530273,16.540000915527344,down
2017-12-19,17.09000015258789,17.149999618530273,up
2017-12-20,18.65999984741211,17.09000015258789,down
2017-12-21,19.600000381469727,18.65999984741211,down
2017-12-22,21.51000022888184,19.600000381469727,down
2017-12-26,21.600000381469727,21.51000022888184,down
2017-12-27,21.0,21.600000381469727,up
2017-12-28,22.31999969482422,21.0,down
2017-12-29,22.670000076293945,22.31999969482422,down
2018-01-02,25.209999084472656,22.670000076293945,down
2018-01-03,26.13999938964844,25.209999084472656,down
2018-01-04,25.01000022888184,26.13999938964844,up
2018-01-05,25.809999465942383,25.01000022888184,down
2018-01-08,24.989999771118164,25.809999465942383,up
2018-01-09,25.06999969482422,24.989999771118164,down
2018-01-10,25.65999984741211,25.06999969482422,down
2018-01-11,24.989999771118164,25.65999984741211,up
2018-01-12,24.540000915527344,24.989999771118164,up
2018-01-16,24.3799991607666,24.540000915527344,up
2018-01-17,24.979999542236328,24.3799991607666,down
2018-01-18,26.040000915527344,24.979999542236328,down
2018-01-19,27.46999931335449,26.040000915527344,down
2018-01-22,27.899999618530277,27.46999931335449,down
2018-01-23,28.09000015258789,27.899999618530277,down
2018-01-24,26.6299991607666,28.09000015258789,up
2018-01-25,27.07999992370605,26.6299991607666,down
2018-01-26,26.440000534057617,27.07999992370605,up
2018-01-29,26.21999931335449,26.440000534057617,up
2018-01-30,26.36000061035156,26.21999931335449,down
2018-01-31,26.0,26.36000061035156,up
2018-02-01,26.82999992370605,26.0,down
2018-02-02,26.1200008392334,26.82999992370605,up
2018-02-05,25.940000534057617,26.1200008392334,up
2018-02-06,26.020000457763672,25.940000534057617,down
2018-02-07,26.38999938964844,26.020000457763672,down
2018-02-08,25.799999237060547,26.38999938964844,up
2018-02-09,26.06999969482422,25.799999237060547,down
2018-02-12,27.940000534057617,26.06999969482422,down
2018-02-13,28.920000076293945,27.940000534057617,down
2018-02-14,29.0,28.920000076293945,down
2018-02-15,28.700000762939453,29.0,up
2018-02-16,29.709999084472656,28.700000762939453,down
2018-02-20,28.170000076293945,29.709999084472656,up
2018-02-21,28.09000015258789,28.170000076293945,up
2018-02-22,26.59000015258789,28.09000015258789,up
2018-02-23,25.040000915527344,26.59000015258789,up
2018-02-26,27.13999938964844,25.040000915527344,down
2018-02-27,26.82999992370605,27.13999938964844,up
2018-02-28,25.020000457763672,26.82999992370605,up
2018-03-01,24.36000061035156,25.020000457763672,up
2018-03-02,27.229999542236328,24.36000061035156,down
2018-03-05,27.61000061035156,27.229999542236328,down
2018-03-06,24.270000457763672,27.61000061035156,up
2018-03-07,24.399999618530277,24.270000457763672,down
2018-03-08,23.489999771118164,24.399999618530277,up
2018-03-09,24.540000915527344,23.489999771118164,down
2018-03-12,23.700000762939453,24.540000915527344,up
2018-03-13,23.420000076293945,23.700000762939453,up
2018-03-14,23.6200008392334,23.420000076293945,down
2018-03-15,22.170000076293945,23.6200008392334,up
2018-03-16,22.399999618530277,22.170000076293945,down
2018-03-19,22.93000030517578,22.399999618530277,down
2018-03-20,22.84000015258789,22.93000030517578,up
2018-03-21,23.0,22.84000015258789,down
2018-03-22,21.84000015258789,23.0,up
2018-03-23,21.18000030517578,21.84000015258789,up
2018-03-26,20.90999984741211,21.18000030517578,up
2018-03-27,20.75,20.90999984741211,up
2018-03-28,20.989999771118164,20.75,down
2018-03-29,20.040000915527344,20.989999771118164,up
2018-04-02,20.059999465942383,20.040000915527344,down
2018-04-03,21.8700008392334,20.059999465942383,down
2018-04-04,21.780000686645508,21.8700008392334,up
2018-04-05,21.84000015258789,21.780000686645508,down
2018-04-06,24.0,21.84000015258789,down
2018-04-09,25.5,24.0,down
2018-04-10,27.030000686645508,25.5,down
2018-04-11,27.32999992370605,27.030000686645508,down
2018-04-12,27.049999237060547,27.32999992370605,up
2018-04-13,25.56999969482422,27.049999237060547,up
2018-04-16,24.1299991607666,25.56999969482422,up
2018-04-17,23.780000686645508,24.1299991607666,up
2018-04-18,23.559999465942383,23.780000686645508,up
2018-04-19,24.13999938964844,23.559999465942383,down
2018-04-20,24.229999542236328,24.13999938964844,down
2018-04-23,23.13999938964844,24.229999542236328,up
2018-04-24,22.8799991607666,23.13999938964844,up
2018-04-25,22.559999465942383,22.8799991607666,up
2018-04-26,22.459999084472656,22.559999465942383,up
2018-04-27,22.170000076293945,22.459999084472656,up
2018-04-30,22.440000534057617,22.170000076293945,down
2018-05-01,23.63999938964844,22.440000534057617,down
2018-05-02,25.229999542236328,23.63999938964844,down
2018-05-03,24.61000061035156,25.229999542236328,up
2018-05-04,25.149999618530277,24.61000061035156,down
2018-05-07,25.100000381469727,25.149999618530277,up
2018-05-08,24.670000076293945,25.100000381469727,up
2018-05-09,25.600000381469727,24.670000076293945,down
2018-05-10,24.959999084472656,25.600000381469727,up
2018-05-11,24.959999084472656,24.959999084472656,down
2018-05-14,26.82999992370605,24.959999084472656,down
2018-05-15,26.40999984741211,26.82999992370605,up
2018-05-16,25.86000061035156,26.40999984741211,up
2018-05-17,25.729999542236328,25.86000061035156,up
2018-05-18,25.280000686645508,25.729999542236328,up
2018-05-21,27.209999084472656,25.280000686645508,down
2018-05-22,25.670000076293945,27.209999084472656,up
2018-05-23,25.850000381469727,25.670000076293945,down
2018-05-24,25.049999237060547,25.850000381469727,up
2018-05-25,25.309999465942383,25.049999237060547,down
2018-05-29,26.5,25.309999465942383,down
2018-05-30,26.729999542236328,26.5,down
2018-05-31,25.71999931335449,26.729999542236328,up
2018-06-01,25.90999984741211,25.71999931335449,down
2018-06-04,38.310001373291016,25.90999984741211,down
2018-06-05,39.970001220703125,38.310001373291016,down
2018-06-06,41.52000045776367,39.970001220703125,down
2018-06-07,35.88999938964844,41.52000045776367,up
2018-06-08,35.130001068115234,35.88999938964844,up
2018-06-11,36.11000061035156,35.130001068115234,down
2018-06-12,38.47999954223633,36.11000061035156,down
2018-06-13,38.34000015258789,38.47999954223633,up
2018-06-14,40.369998931884766,38.34000015258789,down
2018-06-15,41.86000061035156,40.369998931884766,down
2018-06-18,44.65999984741211,41.86000061035156,down
2018-06-19,43.959999084472656,44.65999984741211,up
2018-06-20,44.369998931884766,43.959999084472656,down
2018-06-21,44.95000076293945,44.369998931884766,down
2018-06-22,39.54999923706055,44.95000076293945,up
2018-06-25,39.5,39.54999923706055,up
2018-06-26,40.130001068115234,39.5,down
2018-06-27,37.459999084472656,40.130001068115234,up
2018-06-28,38.459999084472656,37.459999084472656,down
2018-06-29,39.34999847412109,38.459999084472656,down
2018-07-02,38.720001220703125,39.34999847412109,up
2018-07-03,41.02999877929688,38.720001220703125,down
2018-07-05,42.09999847412109,41.02999877929688,down
2018-07-06,40.56999969482422,42.09999847412109,up
2018-07-09,40.38999938964844,40.56999969482422,up
2018-07-10,38.63999938964844,40.38999938964844,up
2018-07-11,37.77000045776367,38.63999938964844,up
2018-07-12,38.43999862670898,37.77000045776367,down
2018-07-13,37.560001373291016,38.43999862670898,up
2018-07-16,38.209999084472656,37.560001373291016,down
2018-07-17,37.869998931884766,38.209999084472656,up
2018-07-18,37.88999938964844,37.869998931884766,down
2018-07-19,36.959999084472656,37.88999938964844,up
2018-07-20,37.09000015258789,36.959999084472656,down
2018-07-23,36.52000045776367,37.09000015258789,up
2018-07-24,36.18000030517578,36.52000045776367,up
2018-07-25,36.720001220703125,36.18000030517578,down
2018-07-26,36.59999847412109,36.720001220703125,up
2018-07-27,33.79999923706055,36.59999847412109,up
2018-07-30,33.56999969482422,33.79999923706055,up
2018-07-31,34.400001525878906,33.56999969482422,down
2018-08-01,35.4900016784668,34.400001525878906,down
2018-08-02,36.25,35.4900016784668,down
2018-08-03,35.689998626708984,36.25,up
2018-08-06,35.959999084472656,35.689998626708984,down
2018-08-07,36.0,35.959999084472656,down
2018-08-08,34.880001068115234,36.0,up
2018-08-09,36.58000183105469,34.880001068115234,down
2018-08-10,35.59000015258789,36.58000183105469,up
2018-08-13,35.380001068115234,35.59000015258789,up
2018-08-14,34.4900016784668,35.380001068115234,up
2018-08-15,33.709999084472656,34.4900016784668,up
2018-08-16,35.52000045776367,33.709999084472656,down
2018-08-17,34.959999084472656,35.52000045776367,up
2018-08-20,34.25,34.959999084472656,up
2018-08-21,34.68000030517578,34.25,down
2018-08-22,36.25,34.68000030517578,down
2018-08-23,35.77000045776367,36.25,up
2018-08-24,35.470001220703125,35.77000045776367,up
2018-08-27,38.54999923706055,35.470001220703125,down
2018-08-28,38.310001373291016,38.54999923706055,up
2018-08-29,37.650001525878906,38.310001373291016,up
2018-08-30,37.310001373291016,37.650001525878906,up
2018-08-31,36.9900016784668,37.310001373291016,up
2018-09-04,36.209999084472656,36.9900016784668,up
2018-09-05,35.66999816894531,36.209999084472656,up
2018-09-06,36.900001525878906,35.66999816894531,down
2018-09-07,37.959999084472656,36.900001525878906,down
2018-09-10,38.209999084472656,37.959999084472656,down
2018-09-11,38.40999984741211,38.209999084472656,down
2018-09-12,36.560001373291016,38.40999984741211,up
2018-09-13,36.45000076293945,36.560001373291016,up
2018-09-14,35.5,36.45000076293945,up
2018-09-17,34.7400016784668,35.5,up
2018-09-18,36.09999847412109,34.7400016784668,down
2018-09-19,36.380001068115234,36.09999847412109,down
2018-09-20,39.310001373291016,36.380001068115234,down
2018-09-21,38.970001220703125,39.310001373291016,up
2018-09-24,39.91999816894531,38.970001220703125,down
2018-09-25,38.2599983215332,39.91999816894531,up
2018-09-26,38.5,38.2599983215332,down
2018-09-27,38.4900016784668,38.5,up
2018-09-28,38.720001220703125,38.4900016784668,down
2018-10-01,35.540000915527344,38.720001220703125,up
2018-10-02,35.099998474121094,35.540000915527344,up
2018-10-03,36.13999938964844,35.099998474121094,down
2018-10-04,32.20000076293945,36.13999938964844,up
2018-10-05,31.15999984741211,32.20000076293945,up
2018-10-08,30.809999465942383,31.15999984741211,up
2018-10-09,31.38999938964844,30.809999465942383,down
2018-10-10,29.280000686645508,31.38999938964844,up
2018-10-11,28.07999992370605,29.280000686645508,up
2018-10-12,28.149999618530277,28.07999992370605,down
2018-10-15,27.979999542236328,28.149999618530277,up
2018-10-16,28.75,27.979999542236328,down
2018-10-17,28.649999618530277,28.75,up
2018-10-18,27.229999542236328,28.649999618530277,up
2018-10-19,22.26000022888184,27.229999542236328,up
2018-10-22,22.649999618530277,22.26000022888184,down
2018-10-23,22.540000915527344,22.649999618530277,up
2018-10-24,20.809999465942383,22.540000915527344,up
2018-10-25,21.13999938964844,20.809999465942383,down
2018-10-26,20.479999542236328,21.13999938964844,up
2018-10-29,19.07999992370605,20.479999542236328,up
2018-10-30,19.940000534057617,19.07999992370605,down
2018-10-31,20.190000534057617,19.940000534057617,down
2018-11-01,21.36000061035156,20.190000534057617,down
2018-11-02,20.40999984741211,21.36000061035156,up
2018-11-05,20.40999984741211,20.40999984741211,down
2018-11-06,20.56999969482422,20.40999984741211,down
2018-11-07,21.690000534057617,20.56999969482422,down
2018-11-08,20.0,21.690000534057617,up
2018-11-09,20.0,20.0,down
2018-11-12,20.959999084472656,20.0,down
2018-11-13,21.6299991607666,20.959999084472656,down
2018-11-14,20.57999992370605,21.6299991607666,up
2018-11-15,22.729999542236328,20.57999992370605,down
2018-11-16,22.75,22.729999542236328,down
2018-11-19,22.920000076293945,22.75,down
2018-11-20,23.229999542236328,22.920000076293945,down
2018-11-21,23.5,23.229999542236328,down
2018-11-23,23.07999992370605,23.5,up
2018-11-26,24.059999465942383,23.07999992370605,down
2018-11-27,23.989999771118164,24.059999465942383,up
2018-11-28,25.3799991607666,23.989999771118164,down
2018-11-29,25.59000015258789,25.3799991607666,down
2018-11-30,26.06999969482422,25.59000015258789,down
2018-12-03,27.61000061035156,26.06999969482422,down
2018-12-04,26.46999931335449,27.61000061035156,up
2018-12-06,27.88999938964844,26.46999931335449,down
2018-12-07,27.959999084472656,27.88999938964844,down
2018-12-10,27.43000030517578,27.959999084472656,up
2018-12-11,27.13999938964844,27.43000030517578,up
2018-12-12,26.93000030517578,27.13999938964844,up
2018-12-13,25.43000030517578,26.93000030517578,up
2018-12-14,26.209999084472656,25.43000030517578,down
2018-12-17,24.739999771118164,26.209999084472656,up
2018-12-18,23.559999465942383,24.739999771118164,up
2018-12-19,22.309999465942383,23.559999465942383,up
2018-12-20,21.209999084472656,22.309999465942383,up
2018-12-21,20.059999465942383,21.209999084472656,up
2018-12-24,20.100000381469727,20.059999465942383,down
2018-12-26,20.96999931335449,20.100000381469727,down
2018-12-27,20.71999931335449,20.96999931335449,up
2018-12-28,20.59000015258789,20.71999931335449,up
2018-12-31,20.989999771118164,20.59000015258789,down
2019-01-02,22.479999542236328,20.989999771118164,down
2019-01-03,20.649999618530277,22.479999542236328,up
2019-01-04,21.46999931335449,20.649999618530277,down
2019-01-07,24.350000381469727,21.46999931335449,down
2019-01-08,25.0,24.350000381469727,down
2019-01-09,25.40999984741211,25.0,down
2019-01-10,25.88999938964844,25.40999984741211,down
2019-01-11,24.920000076293945,25.88999938964844,up
2019-01-14,24.31999969482422,24.920000076293945,up
2019-01-15,25.149999618530277,24.31999969482422,down
2019-01-16,26.399999618530277,25.149999618530277,down
2019-01-17,25.51000022888184,26.399999618530277,up
2019-01-18,26.75,25.51000022888184,down
2019-01-22,26.3700008392334,26.75,up
2019-01-23,25.739999771118164,26.3700008392334,up
2019-01-24,26.450000762939453,25.739999771118164,down
2019-01-25,27.32999992370605,26.450000762939453,down
2019-01-28,25.309999465942383,27.32999992370605,up
2019-01-29,25.82999992370605,25.309999465942383,down
2019-01-30,26.350000381469727,25.82999992370605,down
2019-01-31,26.8700008392334,26.350000381469727,down
2019-02-01,27.559999465942383,26.8700008392334,down
2019-02-04,27.75,27.559999465942383,down
2019-02-05,27.459999084472656,27.75,up
2019-02-06,27.030000686645508,27.459999084472656,up
2019-02-07,27.1200008392334,27.030000686645508,down
2019-02-08,27.709999084472656,27.1200008392334,down
2019-02-11,27.690000534057617,27.709999084472656,up
2019-02-12,27.6299991607666,27.690000534057617,up
2019-02-13,27.739999771118164,27.6299991607666,down
2019-02-14,27.96999931335449,27.739999771118164,down
2019-02-15,29.0,27.96999931335449,down
2019-02-19,29.280000686645508,29.0,down
2019-02-20,28.56999969482422,29.280000686645508,up
2019-02-21,26.459999084472656,28.56999969482422,up
2019-02-22,27.61000061035156,26.459999084472656,down
2019-02-25,28.75,27.61000061035156,down
2019-02-26,28.690000534057617,28.75,up
2019-02-27,29.549999237060547,28.690000534057617,down
2019-02-28,28.399999618530277,29.549999237060547,up
2019-03-01,28.63999938964844,28.399999618530277,down
2019-03-04,28.63999938964844,28.63999938964844,down
2019-03-05,27.59000015258789,28.63999938964844,up
2019-03-06,26.100000381469727,27.59000015258789,up
2019-03-07,25.899999618530277,26.100000381469727,up
2019-03-08,25.799999237060547,25.899999618530277,up
2019-03-11,26.790000915527344,25.799999237060547,down
2019-03-12,26.790000915527344,26.790000915527344,down
2019-03-13,26.26000022888184,26.790000915527344,up
2019-03-14,25.5,26.26000022888184,up
2019-03-15,25.290000915527344,25.5,up
2019-03-18,25.399999618530277,25.290000915527344,down
2019-03-19,24.8799991607666,25.399999618530277,up
2019-03-20,24.68000030517578,24.8799991607666,up
2019-03-21,24.459999084472656,24.68000030517578,up
2019-03-22,23.940000534057617,24.459999084472656,up
2019-03-25,24.059999465942383,23.940000534057617,down
2019-03-26,24.51000022888184,24.059999465942383,down
2019-03-27,23.899999618530277,24.51000022888184,up
2019-03-28,23.649999618530277,23.899999618530277,up
2019-03-29,23.209999084472656,23.649999618530277,up
2019-04-01,23.75,23.209999084472656,down
2019-04-02,23.540000915527344,23.75,up
2019-04-03,22.96999931335449,23.540000915527344,up
2019-04-04,22.6299991607666,22.96999931335449,up
2019-04-05,24.34000015258789,22.6299991607666,down
2019-04-08,23.600000381469727,24.34000015258789,up
2019-04-09,23.030000686645508,23.600000381469727,up
2019-04-10,23.63999938964844,23.030000686645508,down
2019-04-11,23.290000915527344,23.63999938964844,up
2019-04-12,22.959999084472656,23.290000915527344,up
2019-04-15,22.81999969482422,22.959999084472656,up
2019-04-16,23.51000022888184,22.81999969482422,down
2019-04-17,22.96999931335449,23.51000022888184,up
2019-04-18,23.450000762939453,22.96999931335449,down
2019-04-22,24.200000762939453,23.450000762939453,down
2019-04-23,25.350000381469727,24.200000762939453,down
2019-04-24,24.450000762939453,25.350000381469727,up
2019-04-25,24.0,24.450000762939453,up
2019-04-26,23.959999084472656,24.0,up
2019-04-29,23.71999931335449,23.959999084472656,up
2019-04-30,23.0,23.71999931335449,up
2019-05-01,22.93000030517578,23.0,up
2019-05-02,22.920000076293945,22.93000030517578,up
2019-05-03,23.59000015258789,22.920000076293945,down
2019-05-06,23.68000030517578,23.59000015258789,down
2019-05-07,22.51000022888184,23.68000030517578,up
2019-05-08,24.049999237060547,22.51000022888184,down
2019-05-09,24.32999992370605,24.049999237060547,down
2019-05-10,23.01000022888184,24.32999992370605,up
2019-05-13,22.670000076293945,23.01000022888184,up
2019-05-14,23.11000061035156,22.670000076293945,down
2019-05-15,23.46999931335449,23.11000061035156,down
2019-05-16,24.1299991607666,23.46999931335449,down
2019-05-17,23.88999938964844,24.1299991607666,up
2019-05-20,22.739999771118164,23.88999938964844,up
2019-05-21,25.07999992370605,22.739999771118164,down
2019-05-22,24.25,25.07999992370605,up
2019-05-23,23.479999542236328,24.25,up
2019-05-24,23.670000076293945,23.479999542236328,down
2019-05-28,23.440000534057617,23.670000076293945,up
2019-05-29,24.56999969482422,23.440000534057617,down
2019-05-30,23.43000030517578,24.56999969482422,up
2019-05-31,22.81999969482422,23.43000030517578,up
2019-06-03,24.459999084472656,22.81999969482422,down
2019-06-04,23.21999931335449,24.459999084472656,up
2019-06-05,21.8700008392334,23.21999931335449,up
2019-06-06,21.100000381469727,21.8700008392334,up
2019-06-07,21.920000076293945,21.100000381469727,down
2019-06-10,21.559999465942383,21.920000076293945,up
2019-06-11,21.049999237060547,21.559999465942383,up
2019-06-12,22.229999542236328,21.049999237060547,down
2019-06-13,23.15999984741211,22.229999542236328,down
2019-06-14,21.440000534057617,23.15999984741211,up
2019-06-17,23.059999465942383,21.440000534057617,down
2019-06-18,23.979999542236328,23.059999465942383,down
2019-06-19,24.46999931335449,23.979999542236328,down
2019-06-20,25.0,24.46999931335449,down
2019-06-21,26.209999084472656,25.0,down
2019-06-24,23.850000381469727,26.209999084472656,up
2019-06-25,23.690000534057617,23.850000381469727,up
2019-06-26,23.36000061035156,23.690000534057617,up
2019-06-27,23.34000015258789,23.36000061035156,up
2019-06-28,22.549999237060547,23.34000015258789,up
2019-07-01,24.0,22.549999237060547,down
2019-07-02,23.09000015258789,24.0,up
2019-07-03,23.190000534057617,23.09000015258789,down
2019-07-05,22.920000076293945,23.190000534057617,up
2019-07-08,22.489999771118164,22.920000076293945,up
2019-07-09,22.190000534057617,22.489999771118164,up
2019-07-10,21.76000022888184,22.190000534057617,up
2019-07-11,21.84000015258789,21.76000022888184,down
2019-07-12,21.600000381469727,21.84000015258789,up
2019-07-15,21.780000686645508,21.600000381469727,down
2019-07-16,20.90999984741211,21.780000686645508,up
2019-07-17,20.549999237060547,20.90999984741211,up
2019-07-18,20.649999618530277,20.549999237060547,down
2019-07-19,20.649999618530277,20.649999618530277,down
2019-07-22,21.770000457763672,20.649999618530277,down
2019-07-23,21.8700008392334,21.770000457763672,down
2019-07-24,21.90999984741211,21.8700008392334,down
2019-07-25,21.26000022888184,21.90999984741211,up
2019-07-26,21.479999542236328,21.26000022888184,down
2019-07-29,21.540000915527344,21.479999542236328,down
2019-07-30,22.40999984741211,21.540000915527344,down
2019-07-31,22.100000381469727,22.40999984741211,up
2019-08-01,22.479999542236328,22.100000381469727,down
2019-08-02,22.3700008392334,22.479999542236328,up
2019-08-05,23.0,22.3700008392334,down
2019-08-06,22.93000030517578,23.0,up
2019-08-07,23.450000762939453,22.93000030517578,down
2019-08-08,23.1200008392334,23.450000762939453,up
2019-08-09,23.479999542236328,23.1200008392334,down
2019-08-12,19.950000762939453,23.479999542236328,up
2019-08-13,35.900001525878906,19.950000762939453,down
2019-08-14,37.869998931884766,35.900001525878906,down
2019-08-15,36.29999923706055,37.869998931884766,up
2019-08-16,37.0,36.29999923706055,down
2019-08-19,36.650001525878906,37.0,up
2019-08-20,37.0,36.650001525878906,down
2019-08-21,36.08000183105469,37.0,up
2019-08-22,37.08000183105469,36.08000183105469,down
2019-08-23,36.06999969482422,37.08000183105469,up
2019-08-26,37.290000915527344,36.06999969482422,down
2019-08-27,37.869998931884766,37.290000915527344,down
2019-08-28,38.84999847412109,37.869998931884766,down
2019-08-29,37.5,38.84999847412109,up
2019-08-30,36.27999877929688,37.5,up
2019-09-03,36.43000030517578,36.27999877929688,down
2019-09-04,36.72999954223633,36.43000030517578,down
2019-09-05,37.31999969482422,36.72999954223633,down
2019-09-06,37.09000015258789,37.31999969482422,up
2019-09-09,35.29999923706055,37.09000015258789,up
2019-09-10,35.2599983215332,35.29999923706055,up
2019-09-11,35.560001373291016,35.2599983215332,down
2019-09-12,36.47999954223633,35.560001373291016,down
2019-09-13,36.84999847412109,36.47999954223633,down
2019-09-16,36.5099983215332,36.84999847412109,up
2019-09-17,36.52000045776367,36.5099983215332,down
2019-09-18,35.90999984741211,36.52000045776367,up
2019-09-19,36.02000045776367,35.90999984741211,down
2019-09-20,36.52999877929688,36.02000045776367,down
2019-09-23,36.36000061035156,36.52999877929688,up
2019-09-24,35.41999816894531,36.36000061035156,up
2019-09-25,34.5099983215332,35.41999816894531,up
2019-09-26,32.86000061035156,34.5099983215332,up
2019-09-27,32.54999923706055,32.86000061035156,up
2019-09-30,33.939998626708984,32.54999923706055,down
2019-10-01,33.040000915527344,33.939998626708984,up
2019-10-02,34.150001525878906,33.040000915527344,down
2019-10-03,35.63999938964844,34.150001525878906,down
2019-10-04,34.380001068115234,35.63999938964844,up
2019-10-07,33.75,34.380001068115234,up
2019-10-08,31.8799991607666,33.75,up
2019-10-09,31.700000762939453,31.8799991607666,up
2019-10-10,32.540000915527344,31.700000762939453,down
2019-10-11,32.540000915527344,32.540000915527344,down
2019-10-14,33.15999984741211,32.540000915527344,down
2019-10-15,34.43000030517578,33.15999984741211,down
2019-10-16,34.02000045776367,34.43000030517578,up
2019-10-17,34.060001373291016,34.02000045776367,down
2019-10-18,34.22999954223633,34.060001373291016,down
2019-10-21,35.02000045776367,34.22999954223633,down
2019-10-22,34.86000061035156,35.02000045776367,up
2019-10-23,34.59000015258789,34.86000061035156,up
2019-10-24,35.39500045776367,34.59000015258789,down
2019-10-25,36.060001373291016,35.39500045776367,down
2019-10-28,39.06999969482422,36.060001373291016,down
2019-10-29,40.52999877929688,39.06999969482422,down
2019-10-30,43.84999847412109,40.52999877929688,down
2019-10-31,44.34000015258789,43.84999847412109,down
2019-11-01,45.459999084472656,44.34000015258789,down
2019-11-04,46.0,45.459999084472656,down
2019-11-05,46.15999984741211,46.0,down
2019-11-06,46.5099983215332,46.15999984741211,down
2019-11-07,47.13999938964844,46.5099983215332,down
2019-11-08,47.470001220703125,47.13999938964844,down
2019-11-11,48.59000015258789,47.470001220703125,down
2019-11-12,48.34000015258789,48.59000015258789,up
2019-11-13,48.720001220703125,48.34000015258789,down
2019-11-14,47.97999954223633,48.720001220703125,up
2019-11-15,48.90999984741211,47.97999954223633,down
2019-11-18,48.130001068115234,48.90999984741211,up
2019-11-19,48.0,48.130001068115234,up
2019-11-20,47.79999923706055,48.0,up
2019-11-21,48.150001525878906,47.79999923706055,down
2019-11-22,47.2400016784668,48.150001525878906,up
2019-11-25,48.43999862670898,47.2400016784668,down
2019-11-26,49.59999847412109,48.43999862670898,down
2019-11-27,47.0099983215332,49.59999847412109,up
2019-11-29,47.290000915527344,47.0099983215332,down
2019-12-02,47.59999847412109,47.290000915527344,down
2019-12-03,51.29999923706055,47.59999847412109,down
2019-12-04,51.84999847412109,51.29999923706055,down
2019-12-05,51.380001068115234,51.84999847412109,up
2019-12-06,52.79999923706055,51.380001068115234,down
2019-12-09,54.93000030517578,52.79999923706055,down
2019-12-10,56.400001525878906,54.93000030517578,down
2019-12-11,58.209999084472656,56.400001525878906,down
2019-12-12,58.7599983215332,58.209999084472656,down
2019-12-13,64.62999725341797,58.7599983215332,down
2019-12-16,63.93000030517578,64.62999725341797,up
2019-12-17,69.93000030517578,63.93000030517578,down
2019-12-18,67.12999725341797,69.93000030517578,up
2019-12-19,66.83000183105469,67.12999725341797,up
2019-12-20,67.18000030517578,66.83000183105469,down
2019-12-23,68.19999694824219,67.18000030517578,down
2019-12-24,67.94000244140625,68.19999694824219,up
2019-12-26,67.61000061035156,67.94000244140625,up
2019-12-27,64.48999786376953,67.61000061035156,up
2019-12-30,62.2400016784668,64.48999786376953,up
2019-12-31,62.2400016784668,62.2400016784668,down
2020-01-02,57.84999847412109,62.2400016784668,up
2020-01-03,57.220001220703125,57.84999847412109,up
2020-01-06,57.34999847412109,57.220001220703125,down
2020-01-07,58.77999877929688,57.34999847412109,down
2020-01-08,60.02000045776367,58.77999877929688,down
2020-01-09,62.5,60.02000045776367,down
2020-01-10,62.52000045776367,62.5,down
2020-01-13,62.19499969482422,62.52000045776367,up
2020-01-14,62.130001068115234,62.19499969482422,up
2020-01-15,65.37999725341797,62.130001068115234,down
2020-01-16,67.16999816894531,65.37999725341797,down
2020-01-17,69.4000015258789,67.16999816894531,down
2020-01-21,66.56999969482422,69.4000015258789,up
2020-01-22,66.73999786376953,66.56999969482422,down
2020-01-23,66.16000366210938,66.73999786376953,up
2020-01-24,66.25,66.16000366210938,down
2020-01-27,65.41999816894531,66.25,up
2020-01-28,65.4000015258789,65.41999816894531,up
2020-01-29,65.0199966430664,65.4000015258789,up
2020-01-30,63.88999938964844,65.0199966430664,up
2020-01-31,62.630001068115234,63.88999938964844,up
2020-02-03,65.30999755859375,62.630001068115234,down
2020-02-04,67.01000213623047,65.30999755859375,down
2020-02-05,67.16000366210938,67.01000213623047,down
2020-02-06,67.5,67.16000366210938,down
2020-02-07,66.97000122070312,67.5,up
2020-02-10,69.31999969482422,66.97000122070312,down
2020-02-11,68.83999633789062,69.31999969482422,up
2020-02-12,69.38999938964844,68.83999633789062,down
2020-02-13,58.43999862670898,69.38999938964844,up
2020-02-14,55.540000915527344,58.43999862670898,up
2020-02-18,54.869998931884766,55.540000915527344,up
2020-02-19,55.119998931884766,54.869998931884766,down
2020-02-20,55.810001373291016,55.119998931884766,down
2020-02-21,55.09999847412109,55.810001373291016,up
2020-02-24,53.83000183105469,55.09999847412109,up
2020-02-25,53.84999847412109,53.83000183105469,down
2020-02-26,54.43000030517578,53.84999847412109,down
2020-02-27,51.18000030517578,54.43000030517578,up
2020-02-28,53.2400016784668,51.18000030517578,down
2020-03-02,57.02000045776367,53.2400016784668,down
2020-03-03,56.040000915527344,57.02000045776367,up
2020-03-04,57.650001525878906,56.040000915527344,down
2020-03-05,55.0,57.650001525878906,up
2020-03-06,52.43000030517578,55.0,up
2020-03-09,47.18999862670898,52.43000030517578,up
2020-03-10,49.9900016784668,47.18999862670898,down
2020-03-11,44.41999816894531,49.9900016784668,up
2020-03-12,39.41999816894531,44.41999816894531,up
2020-03-13,41.540000915527344,39.41999816894531,down
2020-03-16,33.630001068115234,41.540000915527344,up
2020-03-17,35.650001525878906,33.630001068115234,down
2020-03-18,36.880001068115234,35.650001525878906,down
2020-03-19,38.43999862670898,36.880001068115234,down
2020-03-20,37.15999984741211,38.43999862670898,up
2020-03-23,36.5099983215332,37.15999984741211,up
2020-03-24,39.34999847412109,36.5099983215332,down
2020-03-25,41.34000015258789,39.34999847412109,down
2020-03-26,44.34999847412109,41.34000015258789,down
2020-03-27,41.84999847412109,44.34999847412109,up
2020-03-30,41.900001525878906,41.84999847412109,down
2020-03-31,41.16999816894531,41.900001525878906,up
2020-04-01,37.34999847412109,41.16999816894531,up
2020-04-02,37.77999877929688,37.34999847412109,down
2020-04-03,37.04999923706055,37.77999877929688,up
2020-04-06,42.2400016784668,37.04999923706055,down
2020-04-07,43.52000045776367,42.2400016784668,down
2020-04-08,44.540000915527344,43.52000045776367,down
2020-04-09,43.31999969482422,44.540000915527344,up
2020-04-13,44.65999984741211,43.31999969482422,down
2020-04-14,46.25,44.65999984741211,down
2020-04-15,43.619998931884766,46.25,up
2020-04-16,43.400001525878906,43.619998931884766,up
2020-04-17,47.130001068115234,43.400001525878906,down
2020-04-20,49.36000061035156,47.130001068115234,down
2020-04-21,46.38999938964844,49.36000061035156,up
2020-04-22,46.83000183105469,46.38999938964844,down
2020-04-23,45.470001220703125,46.83000183105469,up
2020-04-24,48.02000045776367,45.470001220703125,down
2020-04-27,48.400001525878906,48.02000045776367,down
2020-04-28,56.20000076293945,48.400001525878906,down
2020-04-29,57.63999938964844,56.20000076293945,down
2020-04-30,57.97999954223633,57.63999938964844,down
2020-05-01,52.369998931884766,57.97999954223633,up
2020-05-04,56.2599983215332,52.369998931884766,down
2020-05-05,57.150001525878906,56.2599983215332,down
2020-05-06,55.290000915527344,57.150001525878906,up
2020-05-07,55.09999847412109,55.290000915527344,up
2020-05-08,54.709999084472656,55.09999847412109,up
2020-05-11,55.5,54.709999084472656,down
2020-05-12,51.7400016784668,55.5,up
2020-05-13,48.43999862670898,51.7400016784668,up
2020-05-14,48.470001220703125,48.43999862670898,down
2020-05-15,51.7400016784668,48.470001220703125,down
2020-05-18,55.27000045776367,51.7400016784668,down
2020-05-19,56.45000076293945,55.27000045776367,down
2020-05-20,57.970001220703125,56.45000076293945,down
2020-05-21,59.68000030517578,57.970001220703125,down
2020-05-22,59.22999954223633,59.68000030517578,up
2020-05-26,58.77000045776367,59.22999954223633,up
2020-05-27,58.63999938964844,58.77000045776367,up
2020-05-28,57.0,58.63999938964844,up
2020-05-29,58.56999969482422,57.0,down
2020-06-01,60.70000076293945,58.56999969482422,down
2020-06-02,59.31999969482422,60.70000076293945,up
2020-06-03,56.790000915527344,59.31999969482422,up
2020-06-04,53.68999862670898,56.790000915527344,up
2020-06-05,55.18999862670898,53.68999862670898,down
2020-06-08,55.93999862670898,55.18999862670898,down
2020-06-09,56.29999923706055,55.93999862670898,down
2020-06-10,56.459999084472656,56.29999923706055,down
2020-06-11,52.54999923706055,56.459999084472656,up
2020-06-12,54.2400016784668,52.54999923706055,down
2020-06-15,58.63999938964844,54.2400016784668,down
2020-06-16,59.5,58.63999938964844,down
2020-06-17,61.84000015258789,59.5,down
2020-06-18,60.209999084472656,61.84000015258789,up
2020-06-19,62.720001220703125,60.209999084472656,down
2020-06-22,65.02999877929688,62.720001220703125,down
2020-06-23,64.22000122070312,65.02999877929688,up
2020-06-24,63.63999938964844,64.22000122070312,up
2020-06-25,62.16999816894531,63.63999938964844,up
2020-06-26,57.13999938964844,62.16999816894531,up
2020-06-29,58.52999877929688,57.13999938964844,down
2020-06-30,59.720001220703125,58.52999877929688,down
2020-07-01,58.15999984741211,59.720001220703125,up
2020-07-02,56.709999084472656,58.15999984741211,up
2020-07-06,55.06999969482422,56.709999084472656,up
2020-07-07,54.900001525878906,55.06999969482422,up
2020-07-08,56.79999923706055,54.900001525878906,down
2020-07-09,54.72999954223633,56.79999923706055,up
2020-07-10,54.2400016784668,54.72999954223633,up
2020-07-13,52.22999954223633,54.2400016784668,up
2020-07-14,52.459999084472656,52.22999954223633,down
2020-07-15,53.40999984741211,52.459999084472656,down
2020-07-16,53.31999969482422,53.40999984741211,up
2020-07-17,51.880001068115234,53.31999969482422,up
2020-07-20,52.9900016784668,51.880001068115234,down
2020-07-21,49.88999938964844,52.9900016784668,up
2020-07-22,49.650001525878906,49.88999938964844,up
2020-07-23,48.86000061035156,49.650001525878906,up
2020-07-24,47.75,48.86000061035156,up
2020-07-27,49.2400016784668,47.75,down
2020-07-28,46.86000061035156,49.2400016784668,up
2020-07-29,46.06999969482422,46.86000061035156,up
2020-07-30,46.790000915527344,46.06999969482422,down
2020-07-31,46.369998931884766,46.790000915527344,up
2020-08-03,49.459999084472656,46.369998931884766,down
2020-08-04,48.52999877929688,49.459999084472656,up
2020-08-05,48.400001525878906,48.52999877929688,up
2020-08-06,47.900001525878906,48.400001525878906,up
2020-08-07,48.90999984741211,47.900001525878906,down
2020-08-10,47.880001068115234,48.90999984741211,up
2020-08-11,46.81999969482422,47.880001068115234,up
2020-08-12,46.900001525878906,46.81999969482422,down
2020-08-13,47.25,46.900001525878906,down
2020-08-14,45.27000045776367,47.25,up
2020-08-17,46.34000015258789,45.27000045776367,down
2020-08-18,44.61000061035156,46.34000015258789,up
2020-08-19,44.02999877929688,44.61000061035156,up
2020-08-20,44.0099983215332,44.02999877929688,up
2020-08-21,43.79999923706055,44.0099983215332,up
2020-08-24,43.95000076293945,43.79999923706055,down
2020-08-25,45.34000015258789,43.95000076293945,down
2020-08-26,44.630001068115234,45.34000015258789,up
2020-08-27,44.5099983215332,44.630001068115234,up
2020-08-28,44.7400016784668,44.5099983215332,down
2020-08-31,45.0099983215332,44.7400016784668,down
2020-09-01,45.36000061035156,45.0099983215332,down
2020-09-02,45.84000015258789,45.36000061035156,down
2020-09-03,44.220001220703125,45.84000015258789,up
2020-09-04,45.59000015258789,44.220001220703125,down
2020-09-08,46.040000915527344,45.59000015258789,down
2020-09-09,46.81999969482422,46.040000915527344,down
2020-09-10,44.18000030517578,46.81999969482422,up
2020-09-11,44.869998931884766,44.18000030517578,down
2020-09-14,50.060001373291016,44.869998931884766,down
2020-09-15,51.4900016784668,50.060001373291016,down
2020-09-16,51.650001525878906,51.4900016784668,down
2020-09-17,52.56999969482422,51.650001525878906,down
2020-09-18,56.06999969482422,52.56999969482422,down
2020-09-21,52.34999847412109,56.06999969482422,up
2020-09-22,52.0099983215332,52.34999847412109,up
2020-09-23,50.970001220703125,52.0099983215332,up
2020-09-24,48.040000915527344,50.970001220703125,up
2020-09-25,49.65999984741211,48.040000915527344,down
2020-09-28,49.90999984741211,49.65999984741211,down
2020-09-29,49.54999923706055,49.90999984741211,up
2020-09-30,51.29999923706055,49.54999923706055,down
2020-10-01,52.34999847412109,51.29999923706055,down
2020-10-02,51.77000045776367,52.34999847412109,up
2020-10-05,55.54999923706055,51.77000045776367,down
2020-10-06,56.20000076293945,55.54999923706055,down
2020-10-07,57.41999816894531,56.20000076293945,down
2020-10-08,55.16999816894531,57.41999816894531,up
2020-10-09,53.459999084472656,55.16999816894531,up
2020-10-12,55.88999938964844,53.459999084472656,down
2020-10-13,57.560001373291016,55.88999938964844,down
2020-10-14,56.040000915527344,57.560001373291016,up
2020-10-15,56.150001525878906,56.040000915527344,down
2020-10-16,58.90999984741211,56.150001525878906,down
2020-10-19,58.86000061035156,58.90999984741211,up
2020-10-20,59.34999847412109,58.86000061035156,down
2020-10-21,60.20000076293945,59.34999847412109,down
2020-10-22,63.4900016784668,60.20000076293945,down
2020-10-23,64.05999755859375,63.4900016784668,down
2020-10-26,62.72999954223633,64.05999755859375,up
2020-10-27,61.0,62.72999954223633,up
2020-10-28,58.11000061035156,61.0,up
2020-10-29,58.970001220703125,58.11000061035156,down
2020-10-30,58.06999969482422,58.970001220703125,up
2020-11-02,57.91999816894531,58.06999969482422,up
2020-11-03,60.65999984741211,57.91999816894531,down
2020-11-04,64.51000213623047,60.65999984741211,down
2020-11-05,64.94000244140625,64.51000213623047,down
2020-11-06,60.38999938964844,64.94000244140625,up
2020-11-09,64.87999725341797,60.38999938964844,down
2020-11-10,63.84999847412109,64.87999725341797,up
2020-11-11,65.1500015258789,63.84999847412109,down
2020-11-12,65.22000122070312,65.1500015258789,down
2020-11-13,65.08999633789062,65.22000122070312,up
2020-11-16,66.18000030517578,65.08999633789062,down
2020-11-17,65.97000122070312,66.18000030517578,up
2020-11-18,65.12000274658203,65.97000122070312,up
2020-11-19,63.9900016784668,65.12000274658203,up
2020-11-20,62.119998931884766,63.9900016784668,up
2020-11-23,61.66999816894531,62.119998931884766,up
2020-11-24,61.75,61.66999816894531,down
2020-11-25,61.79999923706055,61.75,down
2020-11-27,62.34999847412109,61.79999923706055,down
2020-11-30,61.79999923706055,62.34999847412109,up
2020-12-01,60.040000915527344,61.79999923706055,up
2020-12-02,56.84999847412109,60.040000915527344,up
2020-12-03,57.68000030517578,56.84999847412109,down
2020-12-04,57.310001373291016,57.68000030517578,up
2020-12-07,55.86000061035156,57.310001373291016,up
2020-12-08,57.91999816894531,55.86000061035156,down
2020-12-09,56.27999877929688,57.91999816894531,up
2020-12-10,55.90999984741211,56.27999877929688,up
2020-12-11,55.25,55.90999984741211,up
2020-12-14,56.97999954223633,55.25,down
2020-12-15,56.400001525878906,56.97999954223633,up
2020-12-16,55.7400016784668,56.400001525878906,up
2020-12-17,55.77999877929688,55.7400016784668,down
2020-12-18,54.86000061035156,55.77999877929688,up
2020-12-21,56.70000076293945,54.86000061035156,down
2020-12-22,61.08000183105469,56.70000076293945,down
2020-12-23,59.09000015258789,61.08000183105469,up
2020-12-24,58.880001068115234,59.09000015258789,up
2020-12-28,57.58000183105469,58.880001068115234,up
2020-12-29,55.43999862670898,57.58000183105469,up
2020-12-30,58.18999862670898,55.43999862670898,down
2020-12-31,57.06999969482422,58.18999862670898,up
2021-01-04,56.72999954223633,57.06999969482422,up
2021-01-05,53.79999923706055,56.72999954223633,up
2021-01-06,53.970001220703125,53.79999923706055,down
2021-01-07,55.61000061035156,53.970001220703125,down
2021-01-08,56.2400016784668,55.61000061035156,down
2021-01-11,53.63999938964844,56.2400016784668,up
2021-01-12,52.43999862670898,53.63999938964844,up
2021-01-13,51.63999938964844,52.43999862670898,up
2021-01-14,51.16999816894531,51.63999938964844,up
2021-01-15,50.06999969482422,51.16999816894531,up
2021-01-19,49.459999084472656,50.06999969482422,up
2021-01-20,50.15999984741211,49.459999084472656,down
2021-01-21,47.2400016784668,50.15999984741211,up
2021-01-22,46.7599983215332,47.2400016784668,up
2021-01-25,48.06999969482422,46.7599983215332,down
2021-01-26,46.02999877929688,48.06999969482422,up
2021-01-27,42.56999969482422,46.02999877929688,up
2021-01-28,44.63999938964844,42.56999969482422,down
2021-01-29,44.20000076293945,44.63999938964844,up
2021-02-01,45.86000061035156,44.20000076293945,down
2021-02-02,49.27999877929688,45.86000061035156,down
2021-02-03,47.40999984741211,49.27999877929688,up
2021-02-04,51.65999984741211,47.40999984741211,down
2021-02-05,51.36000061035156,51.65999984741211,up
2021-02-08,49.5,51.36000061035156,up
2021-02-09,48.31999969482422,49.5,up
2021-02-10,50.060001373291016,48.31999969482422,down
2021-02-11,49.72999954223633,50.060001373291016,up
2021-02-12,48.90999984741211,49.72999954223633,up
2021-02-16,47.790000915527344,48.90999984741211,up
2021-02-17,46.400001525878906,47.790000915527344,up
2021-02-18,45.41999816894531,46.400001525878906,up
2021-02-19,44.459999084472656,45.41999816894531,up
2021-02-22,43.54999923706055,44.459999084472656,up
2021-02-23,43.84000015258789,43.54999923706055,down
2021-02-24,43.2400016784668,43.84000015258789,up
2021-02-25,42.59000015258789,43.2400016784668,up
2021-02-26,43.77999877929688,42.59000015258789,down
2021-03-01,43.970001220703125,43.77999877929688,down
2021-03-02,44.310001373291016,43.970001220703125,down
2021-03-03,44.310001373291016,44.310001373291016,down
2021-03-04,42.959999084472656,44.310001373291016,up
2021-03-05,42.790000915527344,42.959999084472656,up
2021-03-08,40.38999938964844,42.790000915527344,up
2021-03-09,41.77000045776367,40.38999938964844,down
2021-03-10,41.52999877929688,41.77000045776367,up
2021-03-11,43.46500015258789,41.52999877929688,down
2021-03-12,43.119998931884766,43.46500015258789,up
2021-03-15,42.7400016784668,43.119998931884766,up
2021-03-16,42.18999862670898,42.7400016784668,up
2021-03-17,43.959999084472656,42.18999862670898,down
2021-03-18,42.4900016784668,43.959999084472656,up
2021-03-19,46.209999084472656,42.4900016784668,down
2021-03-22,45.52000045776367,46.209999084472656,up
2021-03-23,43.58000183105469,45.52000045776367,up
2021-03-24,42.95000076293945,43.58000183105469,up
2021-03-25,43.68999862670898,42.95000076293945,down
2021-03-26,43.77999877929688,43.68999862670898,down
2021-03-29,40.400001525878906,43.77999877929688,up
2021-03-30,41.52999877929688,40.400001525878906,down
2021-03-31,44.84000015258789,41.52999877929688,down
2021-04-01,46.02999877929688,44.84000015258789,down
2021-04-05,46.040000915527344,46.02999877929688,down
2021-04-06,44.4900016784668,46.040000915527344,up
2021-04-07,43.70000076293945,44.4900016784668,up
2021-04-08,44.40999984741211,43.70000076293945,down
2021-04-09,43.810001373291016,44.40999984741211,up
2021-04-12,44.04999923706055,43.810001373291016,down
2021-04-13,43.43999862670898,44.04999923706055,up
2021-04-14,45.959999084472656,43.43999862670898,down
2021-04-15,47.22999954223633,45.959999084472656,down
2021-04-16,47.0,47.22999954223633,up
2021-04-19,45.20000076293945,47.0,up
2021-04-20,45.900001525878906,45.20000076293945,down
2021-04-21,46.0,45.900001525878906,down
2021-04-22,47.52999877929688,46.0,down
2021-04-23,46.209999084472656,47.52999877929688,up
2021-04-26,47.95000076293945,46.209999084472656,down
2021-04-27,46.209999084472656,47.95000076293945,up
2021-04-28,47.470001220703125,46.209999084472656,down
2021-04-29,46.77999877929688,47.470001220703125,up
2021-04-30,46.369998931884766,46.77999877929688,up
2021-05-03,45.77000045776367,46.369998931884766,up
2021-05-04,43.290000915527344,45.77000045776367,up
2021-05-05,37.02000045776367,43.290000915527344,up
2021-05-06,34.540000915527344,37.02000045776367,up
2021-05-07,34.33000183105469,34.540000915527344,up
2021-05-10,32.90999984741211,34.33000183105469,up
2021-05-11,33.529998779296875,32.90999984741211,down
2021-05-12,33.0099983215332,33.529998779296875,up
2021-05-13,32.72999954223633,33.0099983215332,up
2021-05-14,34.59000015258789,32.72999954223633,down
2021-05-17,34.52000045776367,34.59000015258789,up
2021-05-18,33.400001525878906,34.52000045776367,up
2021-05-19,32.939998626708984,33.400001525878906,up
2021-05-20,33.470001220703125,32.939998626708984,down
2021-05-21,33.029998779296875,33.470001220703125,up
2021-05-24,32.81999969482422,33.029998779296875,up
2021-05-25,33.349998474121094,32.81999969482422,down
2021-05-26,33.63999938964844,33.349998474121094,down
2021-05-27,33.9900016784668,33.63999938964844,down
2021-05-28,33.7400016784668,33.9900016784668,up
2021-06-01,33.560001373291016,33.7400016784668,up
2021-06-02,33.040000915527344,33.560001373291016,up
2021-06-03,33.04999923706055,33.040000915527344,down
2021-06-04,32.90999984741211,33.04999923706055,up
2021-06-07,34.290000915527344,32.90999984741211,down
2021-06-08,33.849998474121094,34.290000915527344,up
2021-06-09,33.869998931884766,33.849998474121094,down
2021-06-10,34.27000045776367,33.869998931884766,down
2021-06-11,35.41999816894531,34.27000045776367,down
2021-06-14,36.060001373291016,35.41999816894531,down
2021-06-15,35.880001068115234,36.060001373291016,up
2021-06-16,36.970001220703125,35.880001068115234,down
2021-06-17,36.84000015258789,36.970001220703125,up
2021-06-18,37.36000061035156,36.84000015258789,down
2021-06-21,37.16999816894531,37.36000061035156,up
2021-06-22,35.9900016784668,37.16999816894531,up
2021-06-23,35.86000061035156,35.9900016784668,up
2021-06-24,35.95000076293945,35.86000061035156,down
2021-06-25,38.15999984741211,35.95000076293945,down
2021-06-28,37.04999923706055,38.15999984741211,up
2021-06-29,36.66999816894531,37.04999923706055,up
2021-06-30,36.61000061035156,36.66999816894531,up
2021-07-01,37.150001525878906,36.61000061035156,down
2021-07-02,36.45000076293945,37.150001525878906,up
2021-07-06,35.31999969482422,36.45000076293945,up
2021-07-07,34.52000045776367,35.31999969482422,up
2021-07-08,35.099998474121094,34.52000045776367,down
2021-07-09,34.81999969482422,35.099998474121094,up
2021-07-12,35.099998474121094,34.81999969482422,down
2021-07-13,35.0,35.099998474121094,up
2021-07-14,33.75,35.0,up
2021-07-15,33.75,33.75,down
2021-07-16,34.060001373291016,33.75,down
2021-07-19,33.33000183105469,34.060001373291016,up
2021-07-20,33.779998779296875,33.33000183105469,down
2021-07-21,33.689998626708984,33.779998779296875,up
2021-07-22,33.27000045776367,33.689998626708984,up
2021-07-23,33.279998779296875,33.27000045776367,down
2021-07-26,31.920000076293945,33.279998779296875,up
2021-07-27,31.770000457763672,31.920000076293945,up
2021-07-28,32.20000076293945,31.770000457763672,down
2021-07-29,31.059999465942383,32.20000076293945,up
2021-07-30,30.489999771118164,31.059999465942383,up
2021-08-02,30.940000534057617,30.489999771118164,down
2021-08-03,29.520000457763672,30.940000534057617,up
2021-08-04,32.630001068115234,29.520000457763672,down
2021-08-05,32.529998779296875,32.630001068115234,up
2021-08-06,31.690000534057617,32.529998779296875,up
2021-08-09,30.649999618530277,31.690000534057617,up
2021-08-10,29.530000686645508,30.649999618530277,up
2021-08-11,29.559999465942383,29.530000686645508,down
2021-08-12,28.690000534057617,29.559999465942383,up
2021-08-13,28.299999237060547,28.690000534057617,up
2021-08-16,27.76000022888184,28.299999237060547,up
2021-08-17,28.030000686645508,27.76000022888184,down
2021-08-18,27.200000762939453,28.030000686645508,up
2021-08-19,26.459999084472656,27.200000762939453,up
2021-08-20,26.6299991607666,26.459999084472656,down
2021-08-23,28.61000061035156,26.6299991607666,down
2021-08-24,28.32999992370605,28.61000061035156,up
2021-08-25,29.71999931335449,28.32999992370605,down
2021-08-26,29.5,29.71999931335449,up
2021-08-27,30.51000022888184,29.5,down
2021-08-30,31.280000686645508,30.51000022888184,down
2021-08-31,31.5,31.280000686645508,down
2021-09-01,32.380001068115234,31.5,down
2021-09-02,32.70000076293945,32.380001068115234,down
2021-09-03,32.220001220703125,32.70000076293945,up
2021-09-07,32.130001068115234,32.220001220703125,up
2021-09-08,31.190000534057617,32.130001068115234,up
2021-09-09,31.71999931335449,31.190000534057617,down
2021-09-10,32.790000915527344,31.71999931335449,down
2021-09-13,32.13999938964844,32.790000915527344,up
2021-09-14,31.790000915527344,32.13999938964844,up
2021-09-15,31.040000915527344,31.790000915527344,up
2021-09-16,31.75,31.040000915527344,down
2021-09-17,32.97999954223633,31.75,down
2021-09-20,32.209999084472656,32.97999954223633,up
2021-09-21,31.96999931335449,32.209999084472656,up
2021-09-22,33.20000076293945,31.96999931335449,down
2021-09-23,33.36000061035156,33.20000076293945,down
2021-09-24,32.790000915527344,33.36000061035156,up
2021-09-27,33.93000030517578,32.790000915527344,down
2021-09-28,33.25,33.93000030517578,up
2021-09-29,33.650001525878906,33.25,down
2021-09-30,33.97999954223633,33.650001525878906,down
2021-10-01,34.27000045776367,33.97999954223633,down
2021-10-04,33.06999969482422,34.27000045776367,up
2021-10-05,32.709999084472656,33.06999969482422,up
2021-10-06,31.270000457763672,32.709999084472656,up
2021-10-07,32.0099983215332,31.270000457763672,down
2021-10-08,32.31999969482422,32.0099983215332,down
2021-10-11,32.29999923706055,32.31999969482422,up
2021-10-12,34.5,32.29999923706055,down
2021-10-13,35.2400016784668,34.5,down
2021-10-14,34.689998626708984,35.2400016784668,up
2021-10-15,34.83000183105469,34.689998626708984,down
2021-10-18,33.88999938964844,34.83000183105469,up
2022-08-19,15.029999732971191,33.88999938964844,up
